session,method,r2,axis,movement,timeLag,trainCount
indy_20160407_02_64ms,channelbase,0.59793,x,velocity,5,3000
indy_20160411_01_64ms,channelbase,0.68043834,x,velocity,5,3000
indy_20160411_02_64ms,channelbase,0.66506124,x,velocity,5,3000
indy_20160418_01_64ms,channelbase,0.6280228,x,velocity,5,3000
indy_20160419_01_64ms,channelbase,0.6699755,x,velocity,5,3000
indy_20160420_01_64ms,channelbase,0.6859268,x,velocity,5,3000
indy_20160426_01_64ms,channelbase,0.64613205,x,velocity,5,3000
indy_20160622_01_64ms,channelbase,0.39144015,x,velocity,5,3000
indy_20160627_01_64ms,channelbase,0.57862353,x,velocity,5,3000
indy_20160630_01_64ms,channelbase,0.54294,x,velocity,5,3000
indy_20161011_03_64ms,channelbase,0.67238927,x,velocity,5,3000
indy_20161013_03_64ms,channelbase,0.61308086,x,velocity,5,3000
indy_20161014_04_64ms,channelbase,0.49759847,x,velocity,5,3000
indy_20161027_03_64ms,channelbase,0.69630706,x,velocity,5,3000
indy_20161206_02_64ms,channelbase,0.4028989,x,velocity,5,3000
indy_20161212_02_64ms,channelbase,0.7097732,x,velocity,5,3000
indy_20170131_02_64ms,channelbase,0.6463212,x,velocity,5,3000
indy_20160407_02_64ms,channelbase,0.5950612,x,velocity,5,3000
indy_20160411_01_64ms,channelbase,0.6919093,x,velocity,5,3000
indy_20160411_02_64ms,channelbase,0.66002584,x,velocity,5,3000
indy_20160418_01_64ms,channelbase,0.638155,x,velocity,5,3000
indy_20160419_01_64ms,channelbase,0.5918057,x,velocity,5,3000
indy_20160420_01_64ms,channelbase,0.6887659,x,velocity,5,3000
indy_20160426_01_64ms,channelbase,0.656165,x,velocity,5,3000
indy_20160622_01_64ms,channelbase,0.43114322,x,velocity,5,3000
indy_20160627_01_64ms,channelbase,0.54179156,x,velocity,5,3000
indy_20160630_01_64ms,channelbase,0.5565668,x,velocity,5,3000
indy_20161011_03_64ms,channelbase,0.68208563,x,velocity,5,3000
indy_20161013_03_64ms,channelbase,0.6312124,x,velocity,5,3000
indy_20161014_04_64ms,channelbase,0.5233364,x,velocity,5,3000
indy_20161027_03_64ms,channelbase,0.70136887,x,velocity,5,3000
indy_20161206_02_64ms,channelbase,0.39571148,x,velocity,5,3000
indy_20161212_02_64ms,channelbase,0.7038957,x,velocity,5,3000
indy_20170131_02_64ms,channelbase,0.6441981,x,velocity,5,3000
indy_20160407_02_64ms,channelbase,0.5800632,x,velocity,5,3000
indy_20160411_01_64ms,channelbase,0.6715475,x,velocity,5,3000
indy_20160411_02_64ms,channelbase,0.6598022,x,velocity,5,3000
indy_20160418_01_64ms,channelbase,0.63887566,x,velocity,5,3000
indy_20160419_01_64ms,channelbase,0.66429555,x,velocity,5,3000
indy_20160420_01_64ms,channelbase,0.6908281,x,velocity,5,3000
indy_20160426_01_64ms,channelbase,0.6522937,x,velocity,5,3000
indy_20160622_01_64ms,channelbase,0.4380738,x,velocity,5,3000
indy_20160627_01_64ms,channelbase,0.5649943,x,velocity,5,3000
indy_20160630_01_64ms,channelbase,0.5289361,x,velocity,5,3000
indy_20161011_03_64ms,channelbase,0.65716064,x,velocity,5,3000
indy_20161013_03_64ms,channelbase,0.60118186,x,velocity,5,3000
indy_20161014_04_64ms,channelbase,0.5008644,x,velocity,5,3000
indy_20161027_03_64ms,channelbase,0.6908113,x,velocity,5,3000
indy_20161206_02_64ms,channelbase,0.3698792,x,velocity,5,3000
indy_20161212_02_64ms,channelbase,0.69492227,x,velocity,5,3000
indy_20170131_02_64ms,channelbase,0.65611386,x,velocity,5,3000
indy_20160407_02_64ms,channelbase,0.5937683,x,velocity,5,3000
indy_20160411_01_64ms,channelbase,0.6835479,x,velocity,5,3000
indy_20160411_02_64ms,channelbase,0.64144087,x,velocity,5,3000
indy_20160418_01_64ms,channelbase,0.60267174,x,velocity,5,3000
indy_20160419_01_64ms,channelbase,0.66489774,x,velocity,5,3000
indy_20160420_01_64ms,channelbase,0.6929313,x,velocity,5,3000
indy_20160426_01_64ms,channelbase,0.6619636,x,velocity,5,3000
indy_20160622_01_64ms,channelbase,0.45598656,x,velocity,5,3000
indy_20160627_01_64ms,channelbase,0.51112485,x,velocity,5,3000
indy_20160630_01_64ms,channelbase,0.52241766,x,velocity,5,3000
indy_20161011_03_64ms,channelbase,0.66124034,x,velocity,5,3000
indy_20161013_03_64ms,channelbase,0.59538186,x,velocity,5,3000
indy_20161014_04_64ms,channelbase,0.49679065,x,velocity,5,3000
indy_20161027_03_64ms,channelbase,0.7124013,x,velocity,5,3000
indy_20161206_02_64ms,channelbase,0.4313004,x,velocity,5,3000
indy_20161212_02_64ms,channelbase,0.7019991,x,velocity,5,3000
indy_20170131_02_64ms,channelbase,0.65786463,x,velocity,5,3000
indy_20160407_02_64ms,channelbase,0.59580064,x,velocity,5,3000
indy_20160411_01_64ms,channelbase,0.6827483,x,velocity,5,3000
indy_20160411_02_64ms,channelbase,0.6558472,x,velocity,5,3000
indy_20160418_01_64ms,channelbase,0.6391765,x,velocity,5,3000
indy_20160419_01_64ms,channelbase,0.6529449,x,velocity,5,3000
indy_20160420_01_64ms,channelbase,0.6970967,x,velocity,5,3000
indy_20160426_01_64ms,channelbase,0.6401404,x,velocity,5,3000
indy_20160622_01_64ms,channelbase,0.46028548,x,velocity,5,3000
indy_20160627_01_64ms,channelbase,0.5639478,x,velocity,5,3000
indy_20160630_01_64ms,channelbase,0.54517984,x,velocity,5,3000
indy_20161011_03_64ms,channelbase,0.69233257,x,velocity,5,3000
indy_20161013_03_64ms,channelbase,0.61230934,x,velocity,5,3000
indy_20161014_04_64ms,channelbase,0.5010643,x,velocity,5,3000
indy_20161027_03_64ms,channelbase,0.6930207,x,velocity,5,3000
indy_20161206_02_64ms,channelbase,0.35980898,x,velocity,5,3000
indy_20161212_02_64ms,channelbase,0.68598497,x,velocity,5,3000
indy_20170131_02_64ms,channelbase,0.63830054,x,velocity,5,3000
indy_20160407_02_64ms,channelbase,0.6303655,x,velocity,5,5000
indy_20160411_01_64ms,channelbase,0.72238886,x,velocity,5,5000
indy_20160411_02_64ms,channelbase,0.69263214,x,velocity,5,5000
indy_20160418_01_64ms,channelbase,0.7080642,x,velocity,5,5000
indy_20160419_01_64ms,channelbase,0.70900667,x,velocity,5,5000
indy_20160420_01_64ms,channelbase,0.7164128,x,velocity,5,5000
indy_20160426_01_64ms,channelbase,0.7272334,x,velocity,5,5000
indy_20160622_01_64ms,channelbase,0.6005757,x,velocity,5,5000
indy_20160627_01_64ms,channelbase,0.6028688,x,velocity,5,5000
indy_20160630_01_64ms,channelbase,0.60310006,x,velocity,5,5000
indy_20161011_03_64ms,channelbase,0.71356905,x,velocity,5,5000
indy_20161013_03_64ms,channelbase,0.6809317,x,velocity,5,5000
indy_20161014_04_64ms,channelbase,0.60142446,x,velocity,5,5000
indy_20161027_03_64ms,channelbase,0.71335256,x,velocity,5,5000
indy_20161206_02_64ms,channelbase,0.57927585,x,velocity,5,5000
indy_20161212_02_64ms,channelbase,0.72140354,x,velocity,5,5000
indy_20170131_02_64ms,channelbase,0.6782756,x,velocity,5,5000
indy_20160407_02_64ms,channelbase,0.6208653,x,velocity,5,5000
indy_20160411_01_64ms,channelbase,0.7349272,x,velocity,5,5000
indy_20160411_02_64ms,channelbase,0.6990775,x,velocity,5,5000
indy_20160418_01_64ms,channelbase,0.6956483,x,velocity,5,5000
indy_20160419_01_64ms,channelbase,0.7050966,x,velocity,5,5000
indy_20160420_01_64ms,channelbase,0.70911896,x,velocity,5,5000
indy_20160426_01_64ms,channelbase,0.7282522,x,velocity,5,5000
indy_20160622_01_64ms,channelbase,0.5777217,x,velocity,5,5000
indy_20160627_01_64ms,channelbase,0.6345009,x,velocity,5,5000
indy_20160630_01_64ms,channelbase,0.57007295,x,velocity,5,5000
indy_20161011_03_64ms,channelbase,0.7326517,x,velocity,5,5000
indy_20161013_03_64ms,channelbase,0.6769129,x,velocity,5,5000
indy_20161014_04_64ms,channelbase,0.6031463,x,velocity,5,5000
indy_20161027_03_64ms,channelbase,0.716792,x,velocity,5,5000
indy_20161206_02_64ms,channelbase,0.55164754,x,velocity,5,5000
indy_20161212_02_64ms,channelbase,0.70662856,x,velocity,5,5000
indy_20170131_02_64ms,channelbase,0.687315,x,velocity,5,5000
indy_20160407_02_64ms,channelbase,0.6120151,x,velocity,5,5000
indy_20160411_01_64ms,channelbase,0.7255305,x,velocity,5,5000
indy_20160411_02_64ms,channelbase,0.6872232,x,velocity,5,5000
indy_20160418_01_64ms,channelbase,0.6987245,x,velocity,5,5000
indy_20160419_01_64ms,channelbase,0.67216325,x,velocity,5,5000
indy_20160420_01_64ms,channelbase,0.73289025,x,velocity,5,5000
indy_20160426_01_64ms,channelbase,0.7096963,x,velocity,5,5000
indy_20160622_01_64ms,channelbase,0.63369,x,velocity,5,5000
indy_20160627_01_64ms,channelbase,0.6137731,x,velocity,5,5000
indy_20160630_01_64ms,channelbase,0.586345,x,velocity,5,5000
indy_20161011_03_64ms,channelbase,0.72325575,x,velocity,5,5000
indy_20161013_03_64ms,channelbase,0.68415487,x,velocity,5,5000
indy_20161014_04_64ms,channelbase,0.5908597,x,velocity,5,5000
indy_20161027_03_64ms,channelbase,0.72632986,x,velocity,5,5000
indy_20161206_02_64ms,channelbase,0.5460497,x,velocity,5,5000
indy_20161212_02_64ms,channelbase,0.71626794,x,velocity,5,5000
indy_20170131_02_64ms,channelbase,0.7021682,x,velocity,5,5000
indy_20160407_02_64ms,channelbase,0.63488185,x,velocity,5,5000
indy_20160411_01_64ms,channelbase,0.727162,x,velocity,5,5000
indy_20160411_02_64ms,channelbase,0.7076527,x,velocity,5,5000
indy_20160418_01_64ms,channelbase,0.69454694,x,velocity,5,5000
indy_20160419_01_64ms,channelbase,0.6841444,x,velocity,5,5000
indy_20160420_01_64ms,channelbase,0.7344121,x,velocity,5,5000
indy_20160426_01_64ms,channelbase,0.7229408,x,velocity,5,5000
indy_20160622_01_64ms,channelbase,0.58281434,x,velocity,5,5000
indy_20160627_01_64ms,channelbase,0.62278664,x,velocity,5,5000
indy_20160630_01_64ms,channelbase,0.58606637,x,velocity,5,5000
indy_20161011_03_64ms,channelbase,0.72865736,x,velocity,5,5000
indy_20161013_03_64ms,channelbase,0.6886324,x,velocity,5,5000
indy_20161014_04_64ms,channelbase,0.59861475,x,velocity,5,5000
indy_20161027_03_64ms,channelbase,0.7485464,x,velocity,5,5000
indy_20161206_02_64ms,channelbase,0.5734197,x,velocity,5,5000
indy_20161212_02_64ms,channelbase,0.73526645,x,velocity,5,5000
indy_20170131_02_64ms,channelbase,0.70183706,x,velocity,5,5000
indy_20160407_02_64ms,channelbase,0.63112354,x,velocity,5,5000
indy_20160411_01_64ms,channelbase,0.7390666,x,velocity,5,5000
indy_20160411_02_64ms,channelbase,0.68033123,x,velocity,5,5000
indy_20160418_01_64ms,channelbase,0.69324374,x,velocity,5,5000
indy_20160419_01_64ms,channelbase,0.69895446,x,velocity,5,5000
indy_20160420_01_64ms,channelbase,0.72857034,x,velocity,5,5000
indy_20160426_01_64ms,channelbase,0.7029487,x,velocity,5,5000
indy_20160622_01_64ms,channelbase,0.6055151,x,velocity,5,5000
indy_20160627_01_64ms,channelbase,0.61485785,x,velocity,5,5000
indy_20160630_01_64ms,channelbase,0.59607196,x,velocity,5,5000
indy_20161011_03_64ms,channelbase,0.7363175,x,velocity,5,5000
indy_20161013_03_64ms,channelbase,0.66044617,x,velocity,5,5000
indy_20161014_04_64ms,channelbase,0.6154461,x,velocity,5,5000
indy_20161027_03_64ms,channelbase,0.71504986,x,velocity,5,5000
indy_20161206_02_64ms,channelbase,0.59144497,x,velocity,5,5000
indy_20161212_02_64ms,channelbase,0.71630937,x,velocity,5,5000
indy_20170131_02_64ms,channelbase,0.69486904,x,velocity,5,5000
indy_20160407_02_64ms,channelbase,0.6349901,x,velocity,5,7000
indy_20160411_01_64ms,channelbase,0.7619542,x,velocity,5,7000
indy_20160411_02_64ms,channelbase,0.7100004,x,velocity,5,7000
indy_20160418_01_64ms,channelbase,0.70591086,x,velocity,5,7000
indy_20160419_01_64ms,channelbase,0.73251235,x,velocity,5,7000
indy_20160420_01_64ms,channelbase,0.7551484,x,velocity,5,7000
indy_20160426_01_64ms,channelbase,0.74509907,x,velocity,5,7000
indy_20160622_01_64ms,channelbase,0.6138079,x,velocity,5,7000
indy_20160627_01_64ms,channelbase,0.6660128,x,velocity,5,7000
indy_20160630_01_64ms,channelbase,0.63031125,x,velocity,5,7000
indy_20161011_03_64ms,channelbase,0.77046925,x,velocity,5,7000
indy_20161013_03_64ms,channelbase,0.70165396,x,velocity,5,7000
indy_20161014_04_64ms,channelbase,0.6290487,x,velocity,5,7000
indy_20161027_03_64ms,channelbase,0.75641996,x,velocity,5,7000
indy_20161206_02_64ms,channelbase,0.6463113,x,velocity,5,7000
indy_20161212_02_64ms,channelbase,0.7288904,x,velocity,5,7000
indy_20170131_02_64ms,channelbase,0.7307637,x,velocity,5,7000
indy_20160407_02_64ms,channelbase,0.6353353,x,velocity,5,7000
indy_20160411_01_64ms,channelbase,0.73537874,x,velocity,5,7000
indy_20160411_02_64ms,channelbase,0.7157109,x,velocity,5,7000
indy_20160418_01_64ms,channelbase,0.72723067,x,velocity,5,7000
indy_20160419_01_64ms,channelbase,0.7232473,x,velocity,5,7000
indy_20160420_01_64ms,channelbase,0.74658626,x,velocity,5,7000
indy_20160426_01_64ms,channelbase,0.7564908,x,velocity,5,7000
indy_20160622_01_64ms,channelbase,0.60896856,x,velocity,5,7000
indy_20160627_01_64ms,channelbase,0.64370906,x,velocity,5,7000
indy_20160630_01_64ms,channelbase,0.63254076,x,velocity,5,7000
indy_20161011_03_64ms,channelbase,0.78241205,x,velocity,5,7000
indy_20161013_03_64ms,channelbase,0.6837168,x,velocity,5,7000
indy_20161014_04_64ms,channelbase,0.61535394,x,velocity,5,7000
indy_20161027_03_64ms,channelbase,0.7534087,x,velocity,5,7000
indy_20161206_02_64ms,channelbase,0.64906955,x,velocity,5,7000
indy_20161212_02_64ms,channelbase,0.7176254,x,velocity,5,7000
indy_20170131_02_64ms,channelbase,0.72903264,x,velocity,5,7000
indy_20160407_02_64ms,channelbase,0.63059795,x,velocity,5,7000
indy_20160411_01_64ms,channelbase,0.7419404,x,velocity,5,7000
indy_20160411_02_64ms,channelbase,0.70903075,x,velocity,5,7000
indy_20160418_01_64ms,channelbase,0.7254162,x,velocity,5,7000
indy_20160419_01_64ms,channelbase,0.7343147,x,velocity,5,7000
indy_20160420_01_64ms,channelbase,0.74385005,x,velocity,5,7000
indy_20160426_01_64ms,channelbase,0.7470259,x,velocity,5,7000
indy_20160622_01_64ms,channelbase,0.6048833,x,velocity,5,7000
indy_20160627_01_64ms,channelbase,0.64196646,x,velocity,5,7000
indy_20160630_01_64ms,channelbase,0.63522065,x,velocity,5,7000
indy_20161011_03_64ms,channelbase,0.7770748,x,velocity,5,7000
indy_20161013_03_64ms,channelbase,0.73301387,x,velocity,5,7000
indy_20161014_04_64ms,channelbase,0.6324761,x,velocity,5,7000
indy_20161027_03_64ms,channelbase,0.7547325,x,velocity,5,7000
indy_20161206_02_64ms,channelbase,0.6439891,x,velocity,5,7000
indy_20161212_02_64ms,channelbase,0.72608507,x,velocity,5,7000
indy_20170131_02_64ms,channelbase,0.73924005,x,velocity,5,7000
indy_20160407_02_64ms,channelbase,0.63256323,x,velocity,5,7000
indy_20160411_01_64ms,channelbase,0.7386701,x,velocity,5,7000
indy_20160411_02_64ms,channelbase,0.7191061,x,velocity,5,7000
indy_20160418_01_64ms,channelbase,0.7272768,x,velocity,5,7000
indy_20160419_01_64ms,channelbase,0.71564245,x,velocity,5,7000
indy_20160420_01_64ms,channelbase,0.7416841,x,velocity,5,7000
indy_20160426_01_64ms,channelbase,0.7460171,x,velocity,5,7000
indy_20160622_01_64ms,channelbase,0.6084428,x,velocity,5,7000
indy_20160627_01_64ms,channelbase,0.65223175,x,velocity,5,7000
indy_20160630_01_64ms,channelbase,0.6197487,x,velocity,5,7000
indy_20161011_03_64ms,channelbase,0.77119756,x,velocity,5,7000
indy_20161013_03_64ms,channelbase,0.6874299,x,velocity,5,7000
indy_20161014_04_64ms,channelbase,0.6171923,x,velocity,5,7000
indy_20161027_03_64ms,channelbase,0.75574964,x,velocity,5,7000
indy_20161206_02_64ms,channelbase,0.6501219,x,velocity,5,7000
indy_20161212_02_64ms,channelbase,0.73134387,x,velocity,5,7000
indy_20170131_02_64ms,channelbase,0.72804403,x,velocity,5,7000
indy_20160407_02_64ms,channelbase,0.6393119,x,velocity,5,7000
indy_20160411_01_64ms,channelbase,0.75661707,x,velocity,5,7000
indy_20160411_02_64ms,channelbase,0.71162444,x,velocity,5,7000
indy_20160418_01_64ms,channelbase,0.7167831,x,velocity,5,7000
indy_20160419_01_64ms,channelbase,0.75432694,x,velocity,5,7000
indy_20160420_01_64ms,channelbase,0.73953533,x,velocity,5,7000
indy_20160426_01_64ms,channelbase,0.74914616,x,velocity,5,7000
indy_20160622_01_64ms,channelbase,0.6202949,x,velocity,5,7000
indy_20160627_01_64ms,channelbase,0.6414137,x,velocity,5,7000
indy_20160630_01_64ms,channelbase,0.6148701,x,velocity,5,7000
indy_20161011_03_64ms,channelbase,0.7632343,x,velocity,5,7000
indy_20161013_03_64ms,channelbase,0.6972273,x,velocity,5,7000
indy_20161014_04_64ms,channelbase,0.5832163,x,velocity,5,7000
indy_20161027_03_64ms,channelbase,0.74310744,x,velocity,5,7000
indy_20161206_02_64ms,channelbase,0.6562055,x,velocity,5,7000
indy_20161212_02_64ms,channelbase,0.72134537,x,velocity,5,7000
indy_20170131_02_64ms,channelbase,0.7352962,x,velocity,5,7000
indy_20160407_02_64ms,channelbase,0.5971972,x,velocity,20,3000
indy_20160411_01_64ms,channelbase,0.70396435,x,velocity,20,3000
indy_20160411_02_64ms,channelbase,0.698411,x,velocity,20,3000
indy_20160418_01_64ms,channelbase,0.63798976,x,velocity,20,3000
indy_20160419_01_64ms,channelbase,0.65663874,x,velocity,20,3000
indy_20160420_01_64ms,channelbase,0.6855209,x,velocity,20,3000
indy_20160426_01_64ms,channelbase,0.65650874,x,velocity,20,3000
indy_20160622_01_64ms,channelbase,0.28452343,x,velocity,20,3000
indy_20160627_01_64ms,channelbase,0.48522305,x,velocity,20,3000
indy_20160630_01_64ms,channelbase,0.39084297,x,velocity,20,3000
indy_20161011_03_64ms,channelbase,0.66834134,x,velocity,20,3000
indy_20161013_03_64ms,channelbase,0.6266024,x,velocity,20,3000
indy_20161014_04_64ms,channelbase,0.6239903,x,velocity,20,3000
indy_20161027_03_64ms,channelbase,0.63243544,x,velocity,20,3000
indy_20161206_02_64ms,channelbase,0.34964526,x,velocity,20,3000
indy_20161212_02_64ms,channelbase,0.676067,x,velocity,20,3000
indy_20170131_02_64ms,channelbase,0.6636278,x,velocity,20,3000
indy_20160407_02_64ms,channelbase,0.5892801,x,velocity,20,3000
indy_20160411_01_64ms,channelbase,0.6956309,x,velocity,20,3000
indy_20160411_02_64ms,channelbase,0.6593624,x,velocity,20,3000
indy_20160418_01_64ms,channelbase,0.58667797,x,velocity,20,3000
indy_20160419_01_64ms,channelbase,0.6659271,x,velocity,20,3000
indy_20160420_01_64ms,channelbase,0.647471,x,velocity,20,3000
indy_20160426_01_64ms,channelbase,0.49765664,x,velocity,20,3000
indy_20160622_01_64ms,channelbase,0.19605607,x,velocity,20,3000
indy_20160627_01_64ms,channelbase,0.48808032,x,velocity,20,3000
indy_20160630_01_64ms,channelbase,0.51374006,x,velocity,20,3000
indy_20161011_03_64ms,channelbase,0.6881177,x,velocity,20,3000
indy_20161013_03_64ms,channelbase,0.6637131,x,velocity,20,3000
indy_20161014_04_64ms,channelbase,0.5415021,x,velocity,20,3000
indy_20161027_03_64ms,channelbase,0.67246646,x,velocity,20,3000
indy_20161206_02_64ms,channelbase,0.33782506,x,velocity,20,3000
indy_20161212_02_64ms,channelbase,0.68472993,x,velocity,20,3000
indy_20170131_02_64ms,channelbase,0.64770055,x,velocity,20,3000
indy_20160407_02_64ms,channelbase,0.5667603,x,velocity,20,3000
indy_20160411_01_64ms,channelbase,0.695474,x,velocity,20,3000
indy_20160411_02_64ms,channelbase,0.7039566,x,velocity,20,3000
indy_20160418_01_64ms,channelbase,0.5787884,x,velocity,20,3000
indy_20160419_01_64ms,channelbase,0.64359933,x,velocity,20,3000
indy_20160420_01_64ms,channelbase,0.6946176,x,velocity,20,3000
indy_20160426_01_64ms,channelbase,0.7091425,x,velocity,20,3000
indy_20160622_01_64ms,channelbase,0.46015638,x,velocity,20,3000
indy_20160627_01_64ms,channelbase,0.5000549,x,velocity,20,3000
indy_20160630_01_64ms,channelbase,0.48577088,x,velocity,20,3000
indy_20161011_03_64ms,channelbase,0.7175956,x,velocity,20,3000
indy_20161013_03_64ms,channelbase,0.6470784,x,velocity,20,3000
indy_20161014_04_64ms,channelbase,0.6184466,x,velocity,20,3000
indy_20161027_03_64ms,channelbase,0.7190378,x,velocity,20,3000
indy_20161206_02_64ms,channelbase,0.32256967,x,velocity,20,3000
indy_20161212_02_64ms,channelbase,0.69791293,x,velocity,20,3000
indy_20170131_02_64ms,channelbase,0.64267755,x,velocity,20,3000
indy_20160407_02_64ms,channelbase,0.6093504,x,velocity,20,3000
indy_20160411_01_64ms,channelbase,0.6723374,x,velocity,20,3000
indy_20160411_02_64ms,channelbase,0.691602,x,velocity,20,3000
indy_20160418_01_64ms,channelbase,0.59983146,x,velocity,20,3000
indy_20160419_01_64ms,channelbase,0.67147744,x,velocity,20,3000
indy_20160420_01_64ms,channelbase,0.6957452,x,velocity,20,3000
indy_20160426_01_64ms,channelbase,0.700574,x,velocity,20,3000
indy_20160622_01_64ms,channelbase,0.41886127,x,velocity,20,3000
indy_20160627_01_64ms,channelbase,0.5021444,x,velocity,20,3000
indy_20160630_01_64ms,channelbase,0.5209031,x,velocity,20,3000
indy_20161011_03_64ms,channelbase,0.6856751,x,velocity,20,3000
indy_20161013_03_64ms,channelbase,0.59824085,x,velocity,20,3000
indy_20161014_04_64ms,channelbase,0.5580081,x,velocity,20,3000
indy_20161027_03_64ms,channelbase,0.6767224,x,velocity,20,3000
indy_20161206_02_64ms,channelbase,0.35152435,x,velocity,20,3000
indy_20161212_02_64ms,channelbase,0.6713366,x,velocity,20,3000
indy_20170131_02_64ms,channelbase,0.6742375,x,velocity,20,3000
indy_20160407_02_64ms,channelbase,0.5527184,x,velocity,20,3000
indy_20160411_01_64ms,channelbase,0.67114115,x,velocity,20,3000
indy_20160411_02_64ms,channelbase,0.68540466,x,velocity,20,3000
indy_20160418_01_64ms,channelbase,0.61071014,x,velocity,20,3000
indy_20160419_01_64ms,channelbase,0.64511245,x,velocity,20,3000
indy_20160420_01_64ms,channelbase,0.7072574,x,velocity,20,3000
indy_20160426_01_64ms,channelbase,0.6746876,x,velocity,20,3000
indy_20160622_01_64ms,channelbase,0.28830934,x,velocity,20,3000
indy_20160627_01_64ms,channelbase,0.47243798,x,velocity,20,3000
indy_20160630_01_64ms,channelbase,0.5349383,x,velocity,20,3000
indy_20161011_03_64ms,channelbase,0.67544353,x,velocity,20,3000
indy_20161013_03_64ms,channelbase,0.67207044,x,velocity,20,3000
indy_20161014_04_64ms,channelbase,0.5945859,x,velocity,20,3000
indy_20161027_03_64ms,channelbase,0.68145376,x,velocity,20,3000
indy_20161206_02_64ms,channelbase,0.34396464,x,velocity,20,3000
indy_20161212_02_64ms,channelbase,0.676279,x,velocity,20,3000
indy_20170131_02_64ms,channelbase,0.63230455,x,velocity,20,3000
indy_20160407_02_64ms,channelbase,0.6430483,x,velocity,20,5000
indy_20160411_01_64ms,channelbase,0.76485914,x,velocity,20,5000
indy_20160411_02_64ms,channelbase,0.74596155,x,velocity,20,5000
indy_20160418_01_64ms,channelbase,0.66142476,x,velocity,20,5000
indy_20160419_01_64ms,channelbase,0.75148785,x,velocity,20,5000
indy_20160420_01_64ms,channelbase,0.7277877,x,velocity,20,5000
indy_20160426_01_64ms,channelbase,0.71479416,x,velocity,20,5000
indy_20160622_01_64ms,channelbase,0.5958297,x,velocity,20,5000
indy_20160627_01_64ms,channelbase,0.4716558,x,velocity,20,5000
indy_20160630_01_64ms,channelbase,0.59408474,x,velocity,20,5000
indy_20161011_03_64ms,channelbase,0.7386892,x,velocity,20,5000
indy_20161013_03_64ms,channelbase,0.70725775,x,velocity,20,5000
indy_20161014_04_64ms,channelbase,0.65599066,x,velocity,20,5000
indy_20161027_03_64ms,channelbase,0.69459224,x,velocity,20,5000
indy_20161206_02_64ms,channelbase,0.55611527,x,velocity,20,5000
indy_20161212_02_64ms,channelbase,0.74957925,x,velocity,20,5000
indy_20170131_02_64ms,channelbase,0.70921206,x,velocity,20,5000
indy_20160407_02_64ms,channelbase,0.62980473,x,velocity,20,5000
indy_20160411_01_64ms,channelbase,0.7502172,x,velocity,20,5000
indy_20160411_02_64ms,channelbase,0.7456936,x,velocity,20,5000
indy_20160418_01_64ms,channelbase,0.70456123,x,velocity,20,5000
indy_20160419_01_64ms,channelbase,0.69111276,x,velocity,20,5000
indy_20160420_01_64ms,channelbase,0.75562453,x,velocity,20,5000
indy_20160426_01_64ms,channelbase,0.7174566,x,velocity,20,5000
indy_20160622_01_64ms,channelbase,0.63966644,x,velocity,20,5000
indy_20160627_01_64ms,channelbase,0.6150811,x,velocity,20,5000
indy_20160630_01_64ms,channelbase,0.5913134,x,velocity,20,5000
indy_20161011_03_64ms,channelbase,0.7458473,x,velocity,20,5000
indy_20161013_03_64ms,channelbase,0.7183887,x,velocity,20,5000
indy_20161014_04_64ms,channelbase,0.67365986,x,velocity,20,5000
indy_20161027_03_64ms,channelbase,0.6457468,x,velocity,20,5000
indy_20161206_02_64ms,channelbase,0.5367063,x,velocity,20,5000
indy_20161212_02_64ms,channelbase,0.72794616,x,velocity,20,5000
indy_20170131_02_64ms,channelbase,0.7061024,x,velocity,20,5000
indy_20160407_02_64ms,channelbase,0.6266618,x,velocity,20,5000
indy_20160411_01_64ms,channelbase,0.75444824,x,velocity,20,5000
indy_20160411_02_64ms,channelbase,0.74388254,x,velocity,20,5000
indy_20160418_01_64ms,channelbase,0.7046052,x,velocity,20,5000
indy_20160419_01_64ms,channelbase,0.7215427,x,velocity,20,5000
indy_20160420_01_64ms,channelbase,0.7435944,x,velocity,20,5000
indy_20160426_01_64ms,channelbase,0.72983456,x,velocity,20,5000
indy_20160622_01_64ms,channelbase,0.60225815,x,velocity,20,5000
indy_20160627_01_64ms,channelbase,0.480577,x,velocity,20,5000
indy_20160630_01_64ms,channelbase,0.6011809,x,velocity,20,5000
indy_20161011_03_64ms,channelbase,0.7034672,x,velocity,20,5000
indy_20161013_03_64ms,channelbase,0.70763373,x,velocity,20,5000
indy_20161014_04_64ms,channelbase,0.6800933,x,velocity,20,5000
indy_20161027_03_64ms,channelbase,0.62759006,x,velocity,20,5000
indy_20161206_02_64ms,channelbase,0.6183098,x,velocity,20,5000
indy_20161212_02_64ms,channelbase,0.6968906,x,velocity,20,5000
indy_20170131_02_64ms,channelbase,0.7499702,x,velocity,20,5000
indy_20160407_02_64ms,channelbase,0.632692,x,velocity,20,5000
indy_20160411_01_64ms,channelbase,0.7684703,x,velocity,20,5000
indy_20160411_02_64ms,channelbase,0.73512745,x,velocity,20,5000
indy_20160418_01_64ms,channelbase,0.6840136,x,velocity,20,5000
indy_20160419_01_64ms,channelbase,0.71040386,x,velocity,20,5000
indy_20160420_01_64ms,channelbase,0.76469827,x,velocity,20,5000
indy_20160426_01_64ms,channelbase,0.7302959,x,velocity,20,5000
indy_20160622_01_64ms,channelbase,0.62167,x,velocity,20,5000
indy_20160627_01_64ms,channelbase,0.6120624,x,velocity,20,5000
indy_20160630_01_64ms,channelbase,0.6073078,x,velocity,20,5000
indy_20161011_03_64ms,channelbase,0.71390676,x,velocity,20,5000
indy_20161013_03_64ms,channelbase,0.7055692,x,velocity,20,5000
indy_20161014_04_64ms,channelbase,0.6599132,x,velocity,20,5000
indy_20161027_03_64ms,channelbase,0.6951904,x,velocity,20,5000
indy_20161206_02_64ms,channelbase,0.55972475,x,velocity,20,5000
indy_20161212_02_64ms,channelbase,0.6970216,x,velocity,20,5000
indy_20170131_02_64ms,channelbase,0.6987837,x,velocity,20,5000
indy_20160407_02_64ms,channelbase,0.6319107,x,velocity,20,5000
indy_20160411_01_64ms,channelbase,0.74974656,x,velocity,20,5000
indy_20160411_02_64ms,channelbase,0.7319779,x,velocity,20,5000
indy_20160418_01_64ms,channelbase,0.71876115,x,velocity,20,5000
indy_20160419_01_64ms,channelbase,0.72749114,x,velocity,20,5000
indy_20160420_01_64ms,channelbase,0.75597245,x,velocity,20,5000
indy_20160426_01_64ms,channelbase,0.7361653,x,velocity,20,5000
indy_20160622_01_64ms,channelbase,0.6431322,x,velocity,20,5000
indy_20160627_01_64ms,channelbase,0.60929644,x,velocity,20,5000
indy_20160630_01_64ms,channelbase,0.5760879,x,velocity,20,5000
indy_20161011_03_64ms,channelbase,0.7350189,x,velocity,20,5000
indy_20161013_03_64ms,channelbase,0.6182004,x,velocity,20,5000
indy_20161014_04_64ms,channelbase,0.59374785,x,velocity,20,5000
indy_20161027_03_64ms,channelbase,0.7235422,x,velocity,20,5000
indy_20161206_02_64ms,channelbase,0.49898553,x,velocity,20,5000
indy_20161212_02_64ms,channelbase,0.7311486,x,velocity,20,5000
indy_20170131_02_64ms,channelbase,0.72886294,x,velocity,20,5000
indy_20160407_02_64ms,channelbase,0.67486984,x,velocity,20,7000
indy_20160411_01_64ms,channelbase,0.79277194,x,velocity,20,7000
indy_20160411_02_64ms,channelbase,0.76433617,x,velocity,20,7000
indy_20160418_01_64ms,channelbase,0.7197615,x,velocity,20,7000
indy_20160419_01_64ms,channelbase,0.74665904,x,velocity,20,7000
indy_20160420_01_64ms,channelbase,0.74411416,x,velocity,20,7000
indy_20160426_01_64ms,channelbase,0.7709527,x,velocity,20,7000
indy_20160622_01_64ms,channelbase,0.68246555,x,velocity,20,7000
indy_20160627_01_64ms,channelbase,0.67515516,x,velocity,20,7000
indy_20160630_01_64ms,channelbase,0.6262897,x,velocity,20,7000
indy_20161011_03_64ms,channelbase,0.802034,x,velocity,20,7000
indy_20161013_03_64ms,channelbase,0.73643804,x,velocity,20,7000
indy_20161014_04_64ms,channelbase,0.66828406,x,velocity,20,7000
indy_20161027_03_64ms,channelbase,0.73908436,x,velocity,20,7000
indy_20161206_02_64ms,channelbase,0.6742996,x,velocity,20,7000
indy_20161212_02_64ms,channelbase,0.72724074,x,velocity,20,7000
indy_20170131_02_64ms,channelbase,0.76200503,x,velocity,20,7000
indy_20160407_02_64ms,channelbase,0.6842052,x,velocity,20,7000
indy_20160411_01_64ms,channelbase,0.7657971,x,velocity,20,7000
indy_20160411_02_64ms,channelbase,0.7517513,x,velocity,20,7000
indy_20160418_01_64ms,channelbase,0.74592805,x,velocity,20,7000
indy_20160419_01_64ms,channelbase,0.7712432,x,velocity,20,7000
indy_20160420_01_64ms,channelbase,0.7730769,x,velocity,20,7000
indy_20160426_01_64ms,channelbase,0.7490512,x,velocity,20,7000
indy_20160622_01_64ms,channelbase,0.6607495,x,velocity,20,7000
indy_20160627_01_64ms,channelbase,0.639475,x,velocity,20,7000
indy_20160630_01_64ms,channelbase,0.6270227,x,velocity,20,7000
indy_20161011_03_64ms,channelbase,0.76895267,x,velocity,20,7000
indy_20161013_03_64ms,channelbase,0.7324941,x,velocity,20,7000
indy_20161014_04_64ms,channelbase,0.709914,x,velocity,20,7000
indy_20161027_03_64ms,channelbase,0.74939716,x,velocity,20,7000
indy_20161206_02_64ms,channelbase,0.6771916,x,velocity,20,7000
indy_20161212_02_64ms,channelbase,0.73971486,x,velocity,20,7000
indy_20170131_02_64ms,channelbase,0.7715059,x,velocity,20,7000
indy_20160407_02_64ms,channelbase,0.6506728,x,velocity,20,7000
indy_20160411_01_64ms,channelbase,0.7878276,x,velocity,20,7000
indy_20160411_02_64ms,channelbase,0.75989383,x,velocity,20,7000
indy_20160418_01_64ms,channelbase,0.75007164,x,velocity,20,7000
indy_20160419_01_64ms,channelbase,0.7494587,x,velocity,20,7000
indy_20160420_01_64ms,channelbase,0.7985492,x,velocity,20,7000
indy_20160426_01_64ms,channelbase,0.7829989,x,velocity,20,7000
indy_20160622_01_64ms,channelbase,0.6554301,x,velocity,20,7000
indy_20160627_01_64ms,channelbase,0.6066759,x,velocity,20,7000
indy_20160630_01_64ms,channelbase,0.62538564,x,velocity,20,7000
indy_20161011_03_64ms,channelbase,0.81016636,x,velocity,20,7000
indy_20161013_03_64ms,channelbase,0.7070291,x,velocity,20,7000
indy_20161014_04_64ms,channelbase,0.70178336,x,velocity,20,7000
indy_20161027_03_64ms,channelbase,0.7507608,x,velocity,20,7000
indy_20161206_02_64ms,channelbase,0.70144904,x,velocity,20,7000
indy_20161212_02_64ms,channelbase,0.73341525,x,velocity,20,7000
indy_20170131_02_64ms,channelbase,0.75523204,x,velocity,20,7000
indy_20160407_02_64ms,channelbase,0.67433333,x,velocity,20,7000
indy_20160411_01_64ms,channelbase,0.77456766,x,velocity,20,7000
indy_20160411_02_64ms,channelbase,0.7415724,x,velocity,20,7000
indy_20160418_01_64ms,channelbase,0.75347483,x,velocity,20,7000
indy_20160419_01_64ms,channelbase,0.7466024,x,velocity,20,7000
indy_20160420_01_64ms,channelbase,0.77718556,x,velocity,20,7000
indy_20160426_01_64ms,channelbase,0.7687713,x,velocity,20,7000
indy_20160622_01_64ms,channelbase,0.6332391,x,velocity,20,7000
indy_20160627_01_64ms,channelbase,0.63169044,x,velocity,20,7000
indy_20160630_01_64ms,channelbase,0.6166445,x,velocity,20,7000
indy_20161011_03_64ms,channelbase,0.7969441,x,velocity,20,7000
indy_20161013_03_64ms,channelbase,0.7189062,x,velocity,20,7000
indy_20161014_04_64ms,channelbase,0.7182397,x,velocity,20,7000
indy_20161027_03_64ms,channelbase,0.7838491,x,velocity,20,7000
indy_20161206_02_64ms,channelbase,0.6813329,x,velocity,20,7000
indy_20161212_02_64ms,channelbase,0.72385377,x,velocity,20,7000
indy_20170131_02_64ms,channelbase,0.76446235,x,velocity,20,7000
indy_20160407_02_64ms,channelbase,0.6646121,x,velocity,20,7000
indy_20160411_01_64ms,channelbase,0.78221536,x,velocity,20,7000
indy_20160411_02_64ms,channelbase,0.75951535,x,velocity,20,7000
indy_20160418_01_64ms,channelbase,0.7425312,x,velocity,20,7000
indy_20160419_01_64ms,channelbase,0.74782145,x,velocity,20,7000
indy_20160420_01_64ms,channelbase,0.7871692,x,velocity,20,7000
indy_20160426_01_64ms,channelbase,0.7323018,x,velocity,20,7000
indy_20160622_01_64ms,channelbase,0.6654196,x,velocity,20,7000
indy_20160627_01_64ms,channelbase,0.64996666,x,velocity,20,7000
indy_20160630_01_64ms,channelbase,0.5927105,x,velocity,20,7000
indy_20161011_03_64ms,channelbase,0.8067372,x,velocity,20,7000
indy_20161013_03_64ms,channelbase,0.71636903,x,velocity,20,7000
indy_20161014_04_64ms,channelbase,0.69118047,x,velocity,20,7000
indy_20161027_03_64ms,channelbase,0.74172235,x,velocity,20,7000
indy_20161206_02_64ms,channelbase,0.63271976,x,velocity,20,7000
indy_20161212_02_64ms,channelbase,0.7397287,x,velocity,20,7000
indy_20170131_02_64ms,channelbase,0.75349975,x,velocity,20,7000
indy_20160407_02_64ms,channelbase,0.5896043,x,velocity,5,3000
indy_20160411_01_64ms,channelbase,0.6922464,x,velocity,5,3000
indy_20160411_02_64ms,channelbase,0.6624495,x,velocity,5,3000
indy_20160418_01_64ms,channelbase,0.6366329,x,velocity,5,3000
indy_20160419_01_64ms,channelbase,0.62466097,x,velocity,5,3000
indy_20160420_01_64ms,channelbase,0.6929252,x,velocity,5,3000
indy_20160426_01_64ms,channelbase,0.6488621,x,velocity,5,3000
indy_20160622_01_64ms,channelbase,0.47878456,x,velocity,5,3000
indy_20160627_01_64ms,channelbase,0.51534283,x,velocity,5,3000
indy_20160630_01_64ms,channelbase,0.5507728,x,velocity,5,3000
indy_20161011_03_64ms,channelbase,0.6671376,x,velocity,5,3000
indy_20161013_03_64ms,channelbase,0.5716822,x,velocity,5,3000
indy_20161014_04_64ms,channelbase,0.5120758,x,velocity,5,3000
indy_20161027_03_64ms,channelbase,0.7222135,x,velocity,5,3000
indy_20161206_02_64ms,channelbase,0.326746,x,velocity,5,3000
indy_20161212_02_64ms,channelbase,0.68381846,x,velocity,5,3000
indy_20170131_02_64ms,channelbase,0.65013945,x,velocity,5,3000
indy_20160407_02_64ms,channelbase,0.59253514,x,velocity,5,3000
indy_20160411_01_64ms,channelbase,0.6655973,x,velocity,5,3000
indy_20160411_02_64ms,channelbase,0.6612945,x,velocity,5,3000
indy_20160418_01_64ms,channelbase,0.6187211,x,velocity,5,3000
indy_20160419_01_64ms,channelbase,0.6532297,x,velocity,5,3000
indy_20160420_01_64ms,channelbase,0.6859756,x,velocity,5,3000
indy_20160426_01_64ms,channelbase,0.66988206,x,velocity,5,3000
indy_20160622_01_64ms,channelbase,0.433922,x,velocity,5,3000
indy_20160627_01_64ms,channelbase,0.58007336,x,velocity,5,3000
indy_20160630_01_64ms,channelbase,0.54446256,x,velocity,5,3000
indy_20161011_03_64ms,channelbase,0.66969395,x,velocity,5,3000
indy_20161013_03_64ms,channelbase,0.595948,x,velocity,5,3000
indy_20161014_04_64ms,channelbase,0.53932524,x,velocity,5,3000
indy_20161027_03_64ms,channelbase,0.7102907,x,velocity,5,3000
indy_20161206_02_64ms,channelbase,0.40354633,x,velocity,5,3000
indy_20161212_02_64ms,channelbase,0.6837189,x,velocity,5,3000
indy_20170131_02_64ms,channelbase,0.6292374,x,velocity,5,3000
indy_20160407_02_64ms,channelbase,0.5957888,x,velocity,5,3000
indy_20160411_01_64ms,channelbase,0.6664572,x,velocity,5,3000
indy_20160411_02_64ms,channelbase,0.6493372,x,velocity,5,3000
indy_20160418_01_64ms,channelbase,0.64472246,x,velocity,5,3000
indy_20160419_01_64ms,channelbase,0.6531773,x,velocity,5,3000
indy_20160420_01_64ms,channelbase,0.68750995,x,velocity,5,3000
indy_20160426_01_64ms,channelbase,0.6622115,x,velocity,5,3000
indy_20160622_01_64ms,channelbase,0.45210218,x,velocity,5,3000
indy_20160627_01_64ms,channelbase,0.565581,x,velocity,5,3000
indy_20160630_01_64ms,channelbase,0.5301627,x,velocity,5,3000
indy_20161011_03_64ms,channelbase,0.6767179,x,velocity,5,3000
indy_20161013_03_64ms,channelbase,0.6150535,x,velocity,5,3000
indy_20161014_04_64ms,channelbase,0.5058249,x,velocity,5,3000
indy_20161027_03_64ms,channelbase,0.69624066,x,velocity,5,3000
indy_20161206_02_64ms,channelbase,0.39601237,x,velocity,5,3000
indy_20161212_02_64ms,channelbase,0.69125485,x,velocity,5,3000
indy_20170131_02_64ms,channelbase,0.6383341,x,velocity,5,3000
indy_20160407_02_64ms,channelbase,0.58510685,x,velocity,5,3000
indy_20160411_01_64ms,channelbase,0.67061573,x,velocity,5,3000
indy_20160411_02_64ms,channelbase,0.64828205,x,velocity,5,3000
indy_20160418_01_64ms,channelbase,0.64008665,x,velocity,5,3000
indy_20160419_01_64ms,channelbase,0.68048275,x,velocity,5,3000
indy_20160420_01_64ms,channelbase,0.68671477,x,velocity,5,3000
indy_20160426_01_64ms,channelbase,0.6628133,x,velocity,5,3000
indy_20160622_01_64ms,channelbase,0.44641358,x,velocity,5,3000
indy_20160627_01_64ms,channelbase,0.553371,x,velocity,5,3000
indy_20160630_01_64ms,channelbase,0.5388797,x,velocity,5,3000
indy_20161011_03_64ms,channelbase,0.6777004,x,velocity,5,3000
indy_20161013_03_64ms,channelbase,0.6425557,x,velocity,5,3000
indy_20161014_04_64ms,channelbase,0.5602929,x,velocity,5,3000
indy_20161027_03_64ms,channelbase,0.702813,x,velocity,5,3000
indy_20161206_02_64ms,channelbase,0.38594788,x,velocity,5,3000
indy_20161212_02_64ms,channelbase,0.69001335,x,velocity,5,3000
indy_20170131_02_64ms,channelbase,0.63982964,x,velocity,5,3000
indy_20160407_02_64ms,channelbase,0.59900475,x,velocity,5,3000
indy_20160411_01_64ms,channelbase,0.6715465,x,velocity,5,3000
indy_20160411_02_64ms,channelbase,0.648679,x,velocity,5,3000
indy_20160418_01_64ms,channelbase,0.63764274,x,velocity,5,3000
indy_20160419_01_64ms,channelbase,0.6431832,x,velocity,5,3000
indy_20160420_01_64ms,channelbase,0.70041835,x,velocity,5,3000
indy_20160426_01_64ms,channelbase,0.6306529,x,velocity,5,3000
indy_20160622_01_64ms,channelbase,0.45743883,x,velocity,5,3000
indy_20160627_01_64ms,channelbase,0.5703945,x,velocity,5,3000
indy_20160630_01_64ms,channelbase,0.5208087,x,velocity,5,3000
indy_20161011_03_64ms,channelbase,0.7089497,x,velocity,5,3000
indy_20161013_03_64ms,channelbase,0.6083213,x,velocity,5,3000
indy_20161014_04_64ms,channelbase,0.535485,x,velocity,5,3000
indy_20161027_03_64ms,channelbase,0.69389844,x,velocity,5,3000
indy_20161206_02_64ms,channelbase,0.39518154,x,velocity,5,3000
indy_20161212_02_64ms,channelbase,0.6974559,x,velocity,5,3000
indy_20170131_02_64ms,channelbase,0.627394,x,velocity,5,3000
indy_20160407_02_64ms,channelbase,0.6153661,x,velocity,5,5000
indy_20160411_01_64ms,channelbase,0.73942757,x,velocity,5,5000
indy_20160411_02_64ms,channelbase,0.6991944,x,velocity,5,5000
indy_20160418_01_64ms,channelbase,0.70055133,x,velocity,5,5000
indy_20160419_01_64ms,channelbase,0.69776607,x,velocity,5,5000
indy_20160420_01_64ms,channelbase,0.7235002,x,velocity,5,5000
indy_20160426_01_64ms,channelbase,0.7108045,x,velocity,5,5000
indy_20160622_01_64ms,channelbase,0.56761426,x,velocity,5,5000
indy_20160627_01_64ms,channelbase,0.6185554,x,velocity,5,5000
indy_20160630_01_64ms,channelbase,0.5897026,x,velocity,5,5000
indy_20161011_03_64ms,channelbase,0.7348663,x,velocity,5,5000
indy_20161013_03_64ms,channelbase,0.6511911,x,velocity,5,5000
indy_20161014_04_64ms,channelbase,0.5964143,x,velocity,5,5000
indy_20161027_03_64ms,channelbase,0.7224487,x,velocity,5,5000
indy_20161206_02_64ms,channelbase,0.55242014,x,velocity,5,5000
indy_20161212_02_64ms,channelbase,0.7184958,x,velocity,5,5000
indy_20170131_02_64ms,channelbase,0.70021105,x,velocity,5,5000
indy_20160407_02_64ms,channelbase,0.6138307,x,velocity,5,5000
indy_20160411_01_64ms,channelbase,0.73443925,x,velocity,5,5000
indy_20160411_02_64ms,channelbase,0.6916272,x,velocity,5,5000
indy_20160418_01_64ms,channelbase,0.70118433,x,velocity,5,5000
indy_20160419_01_64ms,channelbase,0.71869195,x,velocity,5,5000
indy_20160420_01_64ms,channelbase,0.7199354,x,velocity,5,5000
indy_20160426_01_64ms,channelbase,0.7189367,x,velocity,5,5000
indy_20160622_01_64ms,channelbase,0.59001005,x,velocity,5,5000
indy_20160627_01_64ms,channelbase,0.60837674,x,velocity,5,5000
indy_20160630_01_64ms,channelbase,0.5802672,x,velocity,5,5000
indy_20161011_03_64ms,channelbase,0.7318344,x,velocity,5,5000
indy_20161013_03_64ms,channelbase,0.6994651,x,velocity,5,5000
indy_20161014_04_64ms,channelbase,0.58939403,x,velocity,5,5000
indy_20161027_03_64ms,channelbase,0.7490518,x,velocity,5,5000
indy_20161206_02_64ms,channelbase,0.55791587,x,velocity,5,5000
indy_20161212_02_64ms,channelbase,0.72080594,x,velocity,5,5000
indy_20170131_02_64ms,channelbase,0.6945451,x,velocity,5,5000
indy_20160407_02_64ms,channelbase,0.6257663,x,velocity,5,5000
indy_20160411_01_64ms,channelbase,0.72669053,x,velocity,5,5000
indy_20160411_02_64ms,channelbase,0.69316095,x,velocity,5,5000
indy_20160418_01_64ms,channelbase,0.69159335,x,velocity,5,5000
indy_20160419_01_64ms,channelbase,0.71099865,x,velocity,5,5000
indy_20160420_01_64ms,channelbase,0.7285874,x,velocity,5,5000
indy_20160426_01_64ms,channelbase,0.71108603,x,velocity,5,5000
indy_20160622_01_64ms,channelbase,0.60693276,x,velocity,5,5000
indy_20160627_01_64ms,channelbase,0.6200527,x,velocity,5,5000
indy_20160630_01_64ms,channelbase,0.58804727,x,velocity,5,5000
indy_20161011_03_64ms,channelbase,0.7120266,x,velocity,5,5000
indy_20161013_03_64ms,channelbase,0.6883155,x,velocity,5,5000
indy_20161014_04_64ms,channelbase,0.62405753,x,velocity,5,5000
indy_20161027_03_64ms,channelbase,0.70831466,x,velocity,5,5000
indy_20161206_02_64ms,channelbase,0.56254935,x,velocity,5,5000
indy_20161212_02_64ms,channelbase,0.722966,x,velocity,5,5000
indy_20170131_02_64ms,channelbase,0.7021892,x,velocity,5,5000
indy_20160407_02_64ms,channelbase,0.6194471,x,velocity,5,5000
indy_20160411_01_64ms,channelbase,0.73155046,x,velocity,5,5000
indy_20160411_02_64ms,channelbase,0.7068957,x,velocity,5,5000
indy_20160418_01_64ms,channelbase,0.66105723,x,velocity,5,5000
indy_20160419_01_64ms,channelbase,0.70954275,x,velocity,5,5000
indy_20160420_01_64ms,channelbase,0.73194945,x,velocity,5,5000
indy_20160426_01_64ms,channelbase,0.71655357,x,velocity,5,5000
indy_20160622_01_64ms,channelbase,0.6182329,x,velocity,5,5000
indy_20160627_01_64ms,channelbase,0.6260229,x,velocity,5,5000
indy_20160630_01_64ms,channelbase,0.59933054,x,velocity,5,5000
indy_20161011_03_64ms,channelbase,0.7238715,x,velocity,5,5000
indy_20161013_03_64ms,channelbase,0.66809094,x,velocity,5,5000
indy_20161014_04_64ms,channelbase,0.62718844,x,velocity,5,5000
indy_20161027_03_64ms,channelbase,0.7269913,x,velocity,5,5000
indy_20161206_02_64ms,channelbase,0.5640557,x,velocity,5,5000
indy_20161212_02_64ms,channelbase,0.711334,x,velocity,5,5000
indy_20170131_02_64ms,channelbase,0.68152237,x,velocity,5,5000
indy_20160407_02_64ms,channelbase,0.6176604,x,velocity,5,5000
indy_20160411_01_64ms,channelbase,0.7320122,x,velocity,5,5000
indy_20160411_02_64ms,channelbase,0.69316554,x,velocity,5,5000
indy_20160418_01_64ms,channelbase,0.685807,x,velocity,5,5000
indy_20160419_01_64ms,channelbase,0.72325814,x,velocity,5,5000
indy_20160420_01_64ms,channelbase,0.720775,x,velocity,5,5000
indy_20160426_01_64ms,channelbase,0.725378,x,velocity,5,5000
indy_20160622_01_64ms,channelbase,0.58677393,x,velocity,5,5000
indy_20160627_01_64ms,channelbase,0.62698376,x,velocity,5,5000
indy_20160630_01_64ms,channelbase,0.59420747,x,velocity,5,5000
indy_20161011_03_64ms,channelbase,0.74143946,x,velocity,5,5000
indy_20161013_03_64ms,channelbase,0.6481855,x,velocity,5,5000
indy_20161014_04_64ms,channelbase,0.6036999,x,velocity,5,5000
indy_20161027_03_64ms,channelbase,0.72800237,x,velocity,5,5000
indy_20161206_02_64ms,channelbase,0.5826459,x,velocity,5,5000
indy_20161212_02_64ms,channelbase,0.72790825,x,velocity,5,5000
indy_20170131_02_64ms,channelbase,0.6934452,x,velocity,5,5000
indy_20160407_02_64ms,channelbase,0.6484064,x,velocity,5,7000
indy_20160411_01_64ms,channelbase,0.7434455,x,velocity,5,7000
indy_20160411_02_64ms,channelbase,0.7058712,x,velocity,5,7000
indy_20160418_01_64ms,channelbase,0.72905266,x,velocity,5,7000
indy_20160419_01_64ms,channelbase,0.7315961,x,velocity,5,7000
indy_20160420_01_64ms,channelbase,0.7506347,x,velocity,5,7000
indy_20160426_01_64ms,channelbase,0.74936724,x,velocity,5,7000
indy_20160622_01_64ms,channelbase,0.5907276,x,velocity,5,7000
indy_20160627_01_64ms,channelbase,0.63217056,x,velocity,5,7000
indy_20160630_01_64ms,channelbase,0.6248294,x,velocity,5,7000
indy_20161011_03_64ms,channelbase,0.7763828,x,velocity,5,7000
indy_20161013_03_64ms,channelbase,0.69114125,x,velocity,5,7000
indy_20161014_04_64ms,channelbase,0.62383807,x,velocity,5,7000
indy_20161027_03_64ms,channelbase,0.7600429,x,velocity,5,7000
indy_20161206_02_64ms,channelbase,0.6443397,x,velocity,5,7000
indy_20161212_02_64ms,channelbase,0.73499066,x,velocity,5,7000
indy_20170131_02_64ms,channelbase,0.71491665,x,velocity,5,7000
indy_20160407_02_64ms,channelbase,0.64978623,x,velocity,5,7000
indy_20160411_01_64ms,channelbase,0.74862206,x,velocity,5,7000
indy_20160411_02_64ms,channelbase,0.72493935,x,velocity,5,7000
indy_20160418_01_64ms,channelbase,0.73163193,x,velocity,5,7000
indy_20160419_01_64ms,channelbase,0.7327492,x,velocity,5,7000
indy_20160420_01_64ms,channelbase,0.74522525,x,velocity,5,7000
indy_20160426_01_64ms,channelbase,0.74827147,x,velocity,5,7000
indy_20160622_01_64ms,channelbase,0.6229749,x,velocity,5,7000
indy_20160627_01_64ms,channelbase,0.6421057,x,velocity,5,7000
indy_20160630_01_64ms,channelbase,0.6204014,x,velocity,5,7000
indy_20161011_03_64ms,channelbase,0.77535015,x,velocity,5,7000
indy_20161013_03_64ms,channelbase,0.699299,x,velocity,5,7000
indy_20161014_04_64ms,channelbase,0.61216927,x,velocity,5,7000
indy_20161027_03_64ms,channelbase,0.7392764,x,velocity,5,7000
indy_20161206_02_64ms,channelbase,0.6553987,x,velocity,5,7000
indy_20161212_02_64ms,channelbase,0.7352095,x,velocity,5,7000
indy_20170131_02_64ms,channelbase,0.7318122,x,velocity,5,7000
indy_20160407_02_64ms,channelbase,0.6327791,x,velocity,5,7000
indy_20160411_01_64ms,channelbase,0.76078826,x,velocity,5,7000
indy_20160411_02_64ms,channelbase,0.71982855,x,velocity,5,7000
indy_20160418_01_64ms,channelbase,0.7269995,x,velocity,5,7000
indy_20160419_01_64ms,channelbase,0.70015156,x,velocity,5,7000
indy_20160420_01_64ms,channelbase,0.73929113,x,velocity,5,7000
indy_20160426_01_64ms,channelbase,0.7496592,x,velocity,5,7000
indy_20160622_01_64ms,channelbase,0.6215685,x,velocity,5,7000
indy_20160627_01_64ms,channelbase,0.6500039,x,velocity,5,7000
indy_20160630_01_64ms,channelbase,0.627152,x,velocity,5,7000
indy_20161011_03_64ms,channelbase,0.7703488,x,velocity,5,7000
indy_20161013_03_64ms,channelbase,0.72676384,x,velocity,5,7000
indy_20161014_04_64ms,channelbase,0.6338713,x,velocity,5,7000
indy_20161027_03_64ms,channelbase,0.7513982,x,velocity,5,7000
indy_20161206_02_64ms,channelbase,0.6418979,x,velocity,5,7000
indy_20161212_02_64ms,channelbase,0.7328931,x,velocity,5,7000
indy_20170131_02_64ms,channelbase,0.72959757,x,velocity,5,7000
indy_20160407_02_64ms,channelbase,0.6374126,x,velocity,5,7000
indy_20160411_01_64ms,channelbase,0.7495519,x,velocity,5,7000
indy_20160411_02_64ms,channelbase,0.7253214,x,velocity,5,7000
indy_20160418_01_64ms,channelbase,0.724822,x,velocity,5,7000
indy_20160419_01_64ms,channelbase,0.74686193,x,velocity,5,7000
indy_20160420_01_64ms,channelbase,0.7417824,x,velocity,5,7000
indy_20160426_01_64ms,channelbase,0.7487978,x,velocity,5,7000
indy_20160622_01_64ms,channelbase,0.5921551,x,velocity,5,7000
indy_20160627_01_64ms,channelbase,0.6331167,x,velocity,5,7000
indy_20160630_01_64ms,channelbase,0.6201639,x,velocity,5,7000
indy_20161011_03_64ms,channelbase,0.7825915,x,velocity,5,7000
indy_20161013_03_64ms,channelbase,0.70438397,x,velocity,5,7000
indy_20161014_04_64ms,channelbase,0.63111603,x,velocity,5,7000
indy_20161027_03_64ms,channelbase,0.76938444,x,velocity,5,7000
indy_20161206_02_64ms,channelbase,0.65248257,x,velocity,5,7000
indy_20161212_02_64ms,channelbase,0.71852094,x,velocity,5,7000
indy_20170131_02_64ms,channelbase,0.72314584,x,velocity,5,7000
indy_20160407_02_64ms,channelbase,0.65055466,x,velocity,5,7000
indy_20160411_01_64ms,channelbase,0.75131273,x,velocity,5,7000
indy_20160411_02_64ms,channelbase,0.72172,x,velocity,5,7000
indy_20160418_01_64ms,channelbase,0.69855547,x,velocity,5,7000
indy_20160419_01_64ms,channelbase,0.7476733,x,velocity,5,7000
indy_20160420_01_64ms,channelbase,0.73798764,x,velocity,5,7000
indy_20160426_01_64ms,channelbase,0.7454443,x,velocity,5,7000
indy_20160622_01_64ms,channelbase,0.5999254,x,velocity,5,7000
indy_20160627_01_64ms,channelbase,0.6510724,x,velocity,5,7000
indy_20160630_01_64ms,channelbase,0.6272762,x,velocity,5,7000
indy_20161011_03_64ms,channelbase,0.77668476,x,velocity,5,7000
indy_20161013_03_64ms,channelbase,0.7052287,x,velocity,5,7000
indy_20161014_04_64ms,channelbase,0.61103785,x,velocity,5,7000
indy_20161027_03_64ms,channelbase,0.7539159,x,velocity,5,7000
indy_20161206_02_64ms,channelbase,0.6539206,x,velocity,5,7000
indy_20161212_02_64ms,channelbase,0.727464,x,velocity,5,7000
indy_20170131_02_64ms,channelbase,0.73204494,x,velocity,5,7000
indy_20160407_02_64ms,channelbase,0.62247944,x,velocity,10,3000
indy_20160411_01_64ms,channelbase,0.66158557,x,velocity,10,3000
indy_20160411_02_64ms,channelbase,0.68937355,x,velocity,10,3000
indy_20160418_01_64ms,channelbase,0.61450845,x,velocity,10,3000
indy_20160419_01_64ms,channelbase,0.6272526,x,velocity,10,3000
indy_20160420_01_64ms,channelbase,0.67183864,x,velocity,10,3000
indy_20160426_01_64ms,channelbase,0.6801755,x,velocity,10,3000
indy_20160622_01_64ms,channelbase,0.39905947,x,velocity,10,3000
indy_20160627_01_64ms,channelbase,0.41399014,x,velocity,10,3000
indy_20160630_01_64ms,channelbase,0.5220821,x,velocity,10,3000
indy_20161011_03_64ms,channelbase,0.698699,x,velocity,10,3000
indy_20161013_03_64ms,channelbase,0.6000267,x,velocity,10,3000
indy_20161014_04_64ms,channelbase,0.540506,x,velocity,10,3000
indy_20161027_03_64ms,channelbase,0.6801896,x,velocity,10,3000
indy_20161206_02_64ms,channelbase,0.36963654,x,velocity,10,3000
indy_20161212_02_64ms,channelbase,0.6766436,x,velocity,10,3000
indy_20170131_02_64ms,channelbase,0.6589,x,velocity,10,3000
indy_20160407_02_64ms,channelbase,0.61432755,x,velocity,10,3000
indy_20160411_01_64ms,channelbase,0.670987,x,velocity,10,3000
indy_20160411_02_64ms,channelbase,0.7113354,x,velocity,10,3000
indy_20160418_01_64ms,channelbase,0.6207739,x,velocity,10,3000
indy_20160419_01_64ms,channelbase,0.6861407,x,velocity,10,3000
indy_20160420_01_64ms,channelbase,0.70655954,x,velocity,10,3000
indy_20160426_01_64ms,channelbase,0.6870952,x,velocity,10,3000
indy_20160622_01_64ms,channelbase,0.45106244,x,velocity,10,3000
indy_20160627_01_64ms,channelbase,0.40127295,x,velocity,10,3000
indy_20160630_01_64ms,channelbase,0.54103565,x,velocity,10,3000
indy_20161011_03_64ms,channelbase,0.671973,x,velocity,10,3000
indy_20161013_03_64ms,channelbase,0.62082815,x,velocity,10,3000
indy_20161014_04_64ms,channelbase,0.6316231,x,velocity,10,3000
indy_20161027_03_64ms,channelbase,0.69258785,x,velocity,10,3000
indy_20161206_02_64ms,channelbase,0.32955348,x,velocity,10,3000
indy_20161212_02_64ms,channelbase,0.68228745,x,velocity,10,3000
indy_20170131_02_64ms,channelbase,0.65998673,x,velocity,10,3000
indy_20160407_02_64ms,channelbase,0.59490675,x,velocity,10,3000
indy_20160411_01_64ms,channelbase,0.667563,x,velocity,10,3000
indy_20160411_02_64ms,channelbase,0.68235135,x,velocity,10,3000
indy_20160418_01_64ms,channelbase,0.6094502,x,velocity,10,3000
indy_20160419_01_64ms,channelbase,0.64941305,x,velocity,10,3000
indy_20160420_01_64ms,channelbase,0.7062087,x,velocity,10,3000
indy_20160426_01_64ms,channelbase,0.6468099,x,velocity,10,3000
indy_20160622_01_64ms,channelbase,0.34355134,x,velocity,10,3000
indy_20160627_01_64ms,channelbase,0.43561238,x,velocity,10,3000
indy_20160630_01_64ms,channelbase,0.52408135,x,velocity,10,3000
indy_20161011_03_64ms,channelbase,0.67643666,x,velocity,10,3000
indy_20161013_03_64ms,channelbase,0.5898843,x,velocity,10,3000
indy_20161014_04_64ms,channelbase,0.5630648,x,velocity,10,3000
indy_20161027_03_64ms,channelbase,0.6702371,x,velocity,10,3000
indy_20161206_02_64ms,channelbase,0.36772156,x,velocity,10,3000
indy_20161212_02_64ms,channelbase,0.68335944,x,velocity,10,3000
indy_20170131_02_64ms,channelbase,0.669737,x,velocity,10,3000
indy_20160407_02_64ms,channelbase,0.59848714,x,velocity,10,3000
indy_20160411_01_64ms,channelbase,0.6379506,x,velocity,10,3000
indy_20160411_02_64ms,channelbase,0.63671374,x,velocity,10,3000
indy_20160418_01_64ms,channelbase,0.59771085,x,velocity,10,3000
indy_20160419_01_64ms,channelbase,0.69979656,x,velocity,10,3000
indy_20160420_01_64ms,channelbase,0.67031324,x,velocity,10,3000
indy_20160426_01_64ms,channelbase,0.68003696,x,velocity,10,3000
indy_20160622_01_64ms,channelbase,0.46331757,x,velocity,10,3000
indy_20160627_01_64ms,channelbase,0.35732347,x,velocity,10,3000
indy_20160630_01_64ms,channelbase,0.52839434,x,velocity,10,3000
indy_20161011_03_64ms,channelbase,0.6935414,x,velocity,10,3000
indy_20161013_03_64ms,channelbase,0.5749003,x,velocity,10,3000
indy_20161014_04_64ms,channelbase,0.61866903,x,velocity,10,3000
indy_20161027_03_64ms,channelbase,0.6772984,x,velocity,10,3000
indy_20161206_02_64ms,channelbase,0.4180488,x,velocity,10,3000
indy_20161212_02_64ms,channelbase,0.6469649,x,velocity,10,3000
indy_20170131_02_64ms,channelbase,0.6473763,x,velocity,10,3000
indy_20160407_02_64ms,channelbase,0.6034952,x,velocity,10,3000
indy_20160411_01_64ms,channelbase,0.6621425,x,velocity,10,3000
indy_20160411_02_64ms,channelbase,0.70262086,x,velocity,10,3000
indy_20160418_01_64ms,channelbase,0.6198844,x,velocity,10,3000
indy_20160419_01_64ms,channelbase,0.686966,x,velocity,10,3000
indy_20160420_01_64ms,channelbase,0.68356144,x,velocity,10,3000
indy_20160426_01_64ms,channelbase,0.6937692,x,velocity,10,3000
indy_20160622_01_64ms,channelbase,0.34308892,x,velocity,10,3000
indy_20160627_01_64ms,channelbase,0.29546392,x,velocity,10,3000
indy_20160630_01_64ms,channelbase,0.51836723,x,velocity,10,3000
indy_20161011_03_64ms,channelbase,0.6684526,x,velocity,10,3000
indy_20161013_03_64ms,channelbase,0.6391449,x,velocity,10,3000
indy_20161014_04_64ms,channelbase,0.5998826,x,velocity,10,3000
indy_20161027_03_64ms,channelbase,0.68972725,x,velocity,10,3000
indy_20161206_02_64ms,channelbase,0.41079068,x,velocity,10,3000
indy_20161212_02_64ms,channelbase,0.6920638,x,velocity,10,3000
indy_20170131_02_64ms,channelbase,0.675075,x,velocity,10,3000
indy_20160407_02_64ms,channelbase,0.6582787,x,velocity,10,5000
indy_20160411_01_64ms,channelbase,0.7235689,x,velocity,10,5000
indy_20160411_02_64ms,channelbase,0.72023344,x,velocity,10,5000
indy_20160418_01_64ms,channelbase,0.6780472,x,velocity,10,5000
indy_20160419_01_64ms,channelbase,0.7168814,x,velocity,10,5000
indy_20160420_01_64ms,channelbase,0.71935403,x,velocity,10,5000
indy_20160426_01_64ms,channelbase,0.72496474,x,velocity,10,5000
indy_20160622_01_64ms,channelbase,0.6337937,x,velocity,10,5000
indy_20160627_01_64ms,channelbase,0.57536745,x,velocity,10,5000
indy_20160630_01_64ms,channelbase,0.59187746,x,velocity,10,5000
indy_20161011_03_64ms,channelbase,0.7382691,x,velocity,10,5000
indy_20161013_03_64ms,channelbase,0.682699,x,velocity,10,5000
indy_20161014_04_64ms,channelbase,0.6664578,x,velocity,10,5000
indy_20161027_03_64ms,channelbase,0.65417254,x,velocity,10,5000
indy_20161206_02_64ms,channelbase,0.56226826,x,velocity,10,5000
indy_20161212_02_64ms,channelbase,0.7049693,x,velocity,10,5000
indy_20170131_02_64ms,channelbase,0.68993485,x,velocity,10,5000
indy_20160407_02_64ms,channelbase,0.6420276,x,velocity,10,5000
indy_20160411_01_64ms,channelbase,0.69567055,x,velocity,10,5000
indy_20160411_02_64ms,channelbase,0.7324753,x,velocity,10,5000
indy_20160418_01_64ms,channelbase,0.65483737,x,velocity,10,5000
indy_20160419_01_64ms,channelbase,0.7287278,x,velocity,10,5000
indy_20160420_01_64ms,channelbase,0.72837055,x,velocity,10,5000
indy_20160426_01_64ms,channelbase,0.7181899,x,velocity,10,5000
indy_20160622_01_64ms,channelbase,0.65893006,x,velocity,10,5000
indy_20160627_01_64ms,channelbase,0.55943847,x,velocity,10,5000
indy_20160630_01_64ms,channelbase,0.58216405,x,velocity,10,5000
indy_20161011_03_64ms,channelbase,0.73930126,x,velocity,10,5000
indy_20161013_03_64ms,channelbase,0.69834363,x,velocity,10,5000
indy_20161014_04_64ms,channelbase,0.62968856,x,velocity,10,5000
indy_20161027_03_64ms,channelbase,0.69231796,x,velocity,10,5000
indy_20161206_02_64ms,channelbase,0.5745708,x,velocity,10,5000
indy_20161212_02_64ms,channelbase,0.6913511,x,velocity,10,5000
indy_20170131_02_64ms,channelbase,0.695055,x,velocity,10,5000
indy_20160407_02_64ms,channelbase,0.64536405,x,velocity,10,5000
indy_20160411_01_64ms,channelbase,0.7216443,x,velocity,10,5000
indy_20160411_02_64ms,channelbase,0.7479756,x,velocity,10,5000
indy_20160418_01_64ms,channelbase,0.69156194,x,velocity,10,5000
indy_20160419_01_64ms,channelbase,0.72757405,x,velocity,10,5000
indy_20160420_01_64ms,channelbase,0.74543613,x,velocity,10,5000
indy_20160426_01_64ms,channelbase,0.7157649,x,velocity,10,5000
indy_20160622_01_64ms,channelbase,0.6205384,x,velocity,10,5000
indy_20160627_01_64ms,channelbase,0.55833316,x,velocity,10,5000
indy_20160630_01_64ms,channelbase,0.59360945,x,velocity,10,5000
indy_20161011_03_64ms,channelbase,0.7338374,x,velocity,10,5000
indy_20161013_03_64ms,channelbase,0.6582525,x,velocity,10,5000
indy_20161014_04_64ms,channelbase,0.60774386,x,velocity,10,5000
indy_20161027_03_64ms,channelbase,0.7327875,x,velocity,10,5000
indy_20161206_02_64ms,channelbase,0.5530528,x,velocity,10,5000
indy_20161212_02_64ms,channelbase,0.69600403,x,velocity,10,5000
indy_20170131_02_64ms,channelbase,0.6830572,x,velocity,10,5000
indy_20160407_02_64ms,channelbase,0.646456,x,velocity,10,5000
indy_20160411_01_64ms,channelbase,0.72319925,x,velocity,10,5000
indy_20160411_02_64ms,channelbase,0.73369765,x,velocity,10,5000
indy_20160418_01_64ms,channelbase,0.68046546,x,velocity,10,5000
indy_20160419_01_64ms,channelbase,0.7462619,x,velocity,10,5000
indy_20160420_01_64ms,channelbase,0.7473633,x,velocity,10,5000
indy_20160426_01_64ms,channelbase,0.7224778,x,velocity,10,5000
indy_20160622_01_64ms,channelbase,0.6520852,x,velocity,10,5000
indy_20160627_01_64ms,channelbase,0.57173216,x,velocity,10,5000
indy_20160630_01_64ms,channelbase,0.5948711,x,velocity,10,5000
indy_20161011_03_64ms,channelbase,0.7512218,x,velocity,10,5000
indy_20161013_03_64ms,channelbase,0.70102,x,velocity,10,5000
indy_20161014_04_64ms,channelbase,0.65206134,x,velocity,10,5000
indy_20161027_03_64ms,channelbase,0.72216845,x,velocity,10,5000
indy_20161206_02_64ms,channelbase,0.5788896,x,velocity,10,5000
indy_20161212_02_64ms,channelbase,0.68583417,x,velocity,10,5000
indy_20170131_02_64ms,channelbase,0.6816237,x,velocity,10,5000
indy_20160407_02_64ms,channelbase,0.63746655,x,velocity,10,5000
indy_20160411_01_64ms,channelbase,0.7174718,x,velocity,10,5000
indy_20160411_02_64ms,channelbase,0.72226995,x,velocity,10,5000
indy_20160418_01_64ms,channelbase,0.6874441,x,velocity,10,5000
indy_20160419_01_64ms,channelbase,0.7533525,x,velocity,10,5000
indy_20160420_01_64ms,channelbase,0.7357581,x,velocity,10,5000
indy_20160426_01_64ms,channelbase,0.7386409,x,velocity,10,5000
indy_20160622_01_64ms,channelbase,0.6209759,x,velocity,10,5000
indy_20160627_01_64ms,channelbase,0.58753586,x,velocity,10,5000
indy_20160630_01_64ms,channelbase,0.59630436,x,velocity,10,5000
indy_20161011_03_64ms,channelbase,0.7238834,x,velocity,10,5000
indy_20161013_03_64ms,channelbase,0.69628257,x,velocity,10,5000
indy_20161014_04_64ms,channelbase,0.67200756,x,velocity,10,5000
indy_20161027_03_64ms,channelbase,0.704672,x,velocity,10,5000
indy_20161206_02_64ms,channelbase,0.601179,x,velocity,10,5000
indy_20161212_02_64ms,channelbase,0.7009648,x,velocity,10,5000
indy_20170131_02_64ms,channelbase,0.72428244,x,velocity,10,5000
indy_20160407_02_64ms,channelbase,0.6600939,x,velocity,10,7000
indy_20160411_01_64ms,channelbase,0.7488551,x,velocity,10,7000
indy_20160411_02_64ms,channelbase,0.74789464,x,velocity,10,7000
indy_20160418_01_64ms,channelbase,0.70581484,x,velocity,10,7000
indy_20160419_01_64ms,channelbase,0.7686363,x,velocity,10,7000
indy_20160420_01_64ms,channelbase,0.7569224,x,velocity,10,7000
indy_20160426_01_64ms,channelbase,0.7695293,x,velocity,10,7000
indy_20160622_01_64ms,channelbase,0.64346856,x,velocity,10,7000
indy_20160627_01_64ms,channelbase,0.59221727,x,velocity,10,7000
indy_20160630_01_64ms,channelbase,0.61442506,x,velocity,10,7000
indy_20161011_03_64ms,channelbase,0.7793387,x,velocity,10,7000
indy_20161013_03_64ms,channelbase,0.71636397,x,velocity,10,7000
indy_20161014_04_64ms,channelbase,0.69867384,x,velocity,10,7000
indy_20161027_03_64ms,channelbase,0.740438,x,velocity,10,7000
indy_20161206_02_64ms,channelbase,0.696046,x,velocity,10,7000
indy_20161212_02_64ms,channelbase,0.70163196,x,velocity,10,7000
indy_20170131_02_64ms,channelbase,0.74772036,x,velocity,10,7000
indy_20160407_02_64ms,channelbase,0.67929083,x,velocity,10,7000
indy_20160411_01_64ms,channelbase,0.7657248,x,velocity,10,7000
indy_20160411_02_64ms,channelbase,0.76387995,x,velocity,10,7000
indy_20160418_01_64ms,channelbase,0.7240454,x,velocity,10,7000
indy_20160419_01_64ms,channelbase,0.78047454,x,velocity,10,7000
indy_20160420_01_64ms,channelbase,0.7721503,x,velocity,10,7000
indy_20160426_01_64ms,channelbase,0.7713277,x,velocity,10,7000
indy_20160622_01_64ms,channelbase,0.6454793,x,velocity,10,7000
indy_20160627_01_64ms,channelbase,0.6076002,x,velocity,10,7000
indy_20160630_01_64ms,channelbase,0.6188345,x,velocity,10,7000
indy_20161011_03_64ms,channelbase,0.78562176,x,velocity,10,7000
indy_20161013_03_64ms,channelbase,0.72012687,x,velocity,10,7000
indy_20161014_04_64ms,channelbase,0.7137755,x,velocity,10,7000
indy_20161027_03_64ms,channelbase,0.7453687,x,velocity,10,7000
indy_20161206_02_64ms,channelbase,0.67580473,x,velocity,10,7000
indy_20161212_02_64ms,channelbase,0.7051638,x,velocity,10,7000
indy_20170131_02_64ms,channelbase,0.73897696,x,velocity,10,7000
indy_20160407_02_64ms,channelbase,0.6859218,x,velocity,10,7000
indy_20160411_01_64ms,channelbase,0.74179924,x,velocity,10,7000
indy_20160411_02_64ms,channelbase,0.75727093,x,velocity,10,7000
indy_20160418_01_64ms,channelbase,0.718758,x,velocity,10,7000
indy_20160419_01_64ms,channelbase,0.7713144,x,velocity,10,7000
indy_20160420_01_64ms,channelbase,0.7622807,x,velocity,10,7000
indy_20160426_01_64ms,channelbase,0.738934,x,velocity,10,7000
indy_20160622_01_64ms,channelbase,0.5884676,x,velocity,10,7000
indy_20160627_01_64ms,channelbase,0.5834416,x,velocity,10,7000
indy_20160630_01_64ms,channelbase,0.61877877,x,velocity,10,7000
indy_20161011_03_64ms,channelbase,0.7916683,x,velocity,10,7000
indy_20161013_03_64ms,channelbase,0.7357485,x,velocity,10,7000
indy_20161014_04_64ms,channelbase,0.67288995,x,velocity,10,7000
indy_20161027_03_64ms,channelbase,0.75996125,x,velocity,10,7000
indy_20161206_02_64ms,channelbase,0.6868743,x,velocity,10,7000
indy_20161212_02_64ms,channelbase,0.72865313,x,velocity,10,7000
indy_20170131_02_64ms,channelbase,0.73217726,x,velocity,10,7000
indy_20160407_02_64ms,channelbase,0.6630692,x,velocity,10,7000
indy_20160411_01_64ms,channelbase,0.76582247,x,velocity,10,7000
indy_20160411_02_64ms,channelbase,0.74894494,x,velocity,10,7000
indy_20160418_01_64ms,channelbase,0.72891474,x,velocity,10,7000
indy_20160419_01_64ms,channelbase,0.7447002,x,velocity,10,7000
indy_20160420_01_64ms,channelbase,0.77895606,x,velocity,10,7000
indy_20160426_01_64ms,channelbase,0.76137954,x,velocity,10,7000
indy_20160622_01_64ms,channelbase,0.64856017,x,velocity,10,7000
indy_20160627_01_64ms,channelbase,0.5794884,x,velocity,10,7000
indy_20160630_01_64ms,channelbase,0.60444564,x,velocity,10,7000
indy_20161011_03_64ms,channelbase,0.78908825,x,velocity,10,7000
indy_20161013_03_64ms,channelbase,0.7175665,x,velocity,10,7000
indy_20161014_04_64ms,channelbase,0.6805372,x,velocity,10,7000
indy_20161027_03_64ms,channelbase,0.7641908,x,velocity,10,7000
indy_20161206_02_64ms,channelbase,0.6735309,x,velocity,10,7000
indy_20161212_02_64ms,channelbase,0.72155094,x,velocity,10,7000
indy_20170131_02_64ms,channelbase,0.7533661,x,velocity,10,7000
indy_20160407_02_64ms,channelbase,0.6685046,x,velocity,10,7000
indy_20160411_01_64ms,channelbase,0.77920103,x,velocity,10,7000
indy_20160411_02_64ms,channelbase,0.7625795,x,velocity,10,7000
indy_20160418_01_64ms,channelbase,0.7104695,x,velocity,10,7000
indy_20160419_01_64ms,channelbase,0.73606,x,velocity,10,7000
indy_20160420_01_64ms,channelbase,0.7708934,x,velocity,10,7000
indy_20160426_01_64ms,channelbase,0.76432234,x,velocity,10,7000
indy_20160622_01_64ms,channelbase,0.65923834,x,velocity,10,7000
indy_20160627_01_64ms,channelbase,0.5900664,x,velocity,10,7000
indy_20160630_01_64ms,channelbase,0.6155306,x,velocity,10,7000
indy_20161011_03_64ms,channelbase,0.78064036,x,velocity,10,7000
indy_20161013_03_64ms,channelbase,0.70600134,x,velocity,10,7000
indy_20161014_04_64ms,channelbase,0.6990718,x,velocity,10,7000
indy_20161027_03_64ms,channelbase,0.76136935,x,velocity,10,7000
indy_20161206_02_64ms,channelbase,0.68894684,x,velocity,10,7000
indy_20161212_02_64ms,channelbase,0.7070139,x,velocity,10,7000
indy_20170131_02_64ms,channelbase,0.72975457,x,velocity,10,7000
indy_20160407_02_64ms,channelbase,0.5791583,x,velocity,15,3000
indy_20160411_01_64ms,channelbase,0.6738869,x,velocity,15,3000
indy_20160411_02_64ms,channelbase,0.69157016,x,velocity,15,3000
indy_20160418_01_64ms,channelbase,0.6153533,x,velocity,15,3000
indy_20160419_01_64ms,channelbase,0.68191767,x,velocity,15,3000
indy_20160420_01_64ms,channelbase,0.67857784,x,velocity,15,3000
indy_20160426_01_64ms,channelbase,0.6912125,x,velocity,15,3000
indy_20160622_01_64ms,channelbase,0.40026617,x,velocity,15,3000
indy_20160627_01_64ms,channelbase,0.33975285,x,velocity,15,3000
indy_20160630_01_64ms,channelbase,0.50817454,x,velocity,15,3000
indy_20161011_03_64ms,channelbase,0.68576205,x,velocity,15,3000
indy_20161013_03_64ms,channelbase,0.6750667,x,velocity,15,3000
indy_20161014_04_64ms,channelbase,0.5637213,x,velocity,15,3000
indy_20161027_03_64ms,channelbase,0.6495187,x,velocity,15,3000
indy_20161206_02_64ms,channelbase,0.32627386,x,velocity,15,3000
indy_20161212_02_64ms,channelbase,0.69888145,x,velocity,15,3000
indy_20170131_02_64ms,channelbase,0.67309546,x,velocity,15,3000
indy_20160407_02_64ms,channelbase,0.56871563,x,velocity,15,3000
indy_20160411_01_64ms,channelbase,0.66362524,x,velocity,15,3000
indy_20160411_02_64ms,channelbase,0.6619078,x,velocity,15,3000
indy_20160418_01_64ms,channelbase,0.6060303,x,velocity,15,3000
indy_20160419_01_64ms,channelbase,0.6902293,x,velocity,15,3000
indy_20160420_01_64ms,channelbase,0.69039005,x,velocity,15,3000
indy_20160426_01_64ms,channelbase,0.65901786,x,velocity,15,3000
indy_20160622_01_64ms,channelbase,0.44812894,x,velocity,15,3000
indy_20160627_01_64ms,channelbase,0.33497274,x,velocity,15,3000
indy_20160630_01_64ms,channelbase,0.52903616,x,velocity,15,3000
indy_20161011_03_64ms,channelbase,0.68308055,x,velocity,15,3000
indy_20161013_03_64ms,channelbase,0.6463816,x,velocity,15,3000
indy_20161014_04_64ms,channelbase,0.5504342,x,velocity,15,3000
indy_20161027_03_64ms,channelbase,0.694189,x,velocity,15,3000
indy_20161206_02_64ms,channelbase,0.3960706,x,velocity,15,3000
indy_20161212_02_64ms,channelbase,0.7202494,x,velocity,15,3000
indy_20170131_02_64ms,channelbase,0.6277249,x,velocity,15,3000
indy_20160407_02_64ms,channelbase,0.562943,x,velocity,15,3000
indy_20160411_01_64ms,channelbase,0.64522874,x,velocity,15,3000
indy_20160411_02_64ms,channelbase,0.68965405,x,velocity,15,3000
indy_20160418_01_64ms,channelbase,0.52267146,x,velocity,15,3000
indy_20160419_01_64ms,channelbase,0.66582257,x,velocity,15,3000
indy_20160420_01_64ms,channelbase,0.6831861,x,velocity,15,3000
indy_20160426_01_64ms,channelbase,0.6832819,x,velocity,15,3000
indy_20160622_01_64ms,channelbase,0.43887782,x,velocity,15,3000
indy_20160627_01_64ms,channelbase,0.25820172,x,velocity,15,3000
indy_20160630_01_64ms,channelbase,0.458404,x,velocity,15,3000
indy_20161011_03_64ms,channelbase,0.59600544,x,velocity,15,3000
indy_20161013_03_64ms,channelbase,0.621571,x,velocity,15,3000
indy_20161014_04_64ms,channelbase,0.5445147,x,velocity,15,3000
indy_20161027_03_64ms,channelbase,0.70287573,x,velocity,15,3000
indy_20161206_02_64ms,channelbase,0.35295826,x,velocity,15,3000
indy_20161212_02_64ms,channelbase,0.696041,x,velocity,15,3000
indy_20170131_02_64ms,channelbase,0.69512033,x,velocity,15,3000
indy_20160407_02_64ms,channelbase,0.5773796,x,velocity,15,3000
indy_20160411_01_64ms,channelbase,0.65010947,x,velocity,15,3000
indy_20160411_02_64ms,channelbase,0.67870605,x,velocity,15,3000
indy_20160418_01_64ms,channelbase,0.543041,x,velocity,15,3000
indy_20160419_01_64ms,channelbase,0.6947041,x,velocity,15,3000
indy_20160420_01_64ms,channelbase,0.7025026,x,velocity,15,3000
indy_20160426_01_64ms,channelbase,0.6840235,x,velocity,15,3000
indy_20160622_01_64ms,channelbase,0.46988642,x,velocity,15,3000
indy_20160627_01_64ms,channelbase,0.49752164,x,velocity,15,3000
indy_20160630_01_64ms,channelbase,0.50208473,x,velocity,15,3000
indy_20161011_03_64ms,channelbase,0.67431605,x,velocity,15,3000
indy_20161013_03_64ms,channelbase,0.6558478,x,velocity,15,3000
indy_20161014_04_64ms,channelbase,0.4349097,x,velocity,15,3000
indy_20161027_03_64ms,channelbase,0.6678839,x,velocity,15,3000
indy_20161206_02_64ms,channelbase,0.34763396,x,velocity,15,3000
indy_20161212_02_64ms,channelbase,0.68978965,x,velocity,15,3000
indy_20170131_02_64ms,channelbase,0.62300485,x,velocity,15,3000
indy_20160407_02_64ms,channelbase,0.57400703,x,velocity,15,3000
indy_20160411_01_64ms,channelbase,0.68976,x,velocity,15,3000
indy_20160411_02_64ms,channelbase,0.68979347,x,velocity,15,3000
indy_20160418_01_64ms,channelbase,0.6091207,x,velocity,15,3000
indy_20160419_01_64ms,channelbase,0.68175745,x,velocity,15,3000
indy_20160420_01_64ms,channelbase,0.7017129,x,velocity,15,3000
indy_20160426_01_64ms,channelbase,0.6414997,x,velocity,15,3000
indy_20160622_01_64ms,channelbase,0.27843708,x,velocity,15,3000
indy_20160627_01_64ms,channelbase,0.34238863,x,velocity,15,3000
indy_20160630_01_64ms,channelbase,0.49354374,x,velocity,15,3000
indy_20161011_03_64ms,channelbase,0.6754651,x,velocity,15,3000
indy_20161013_03_64ms,channelbase,0.6450349,x,velocity,15,3000
indy_20161014_04_64ms,channelbase,0.5771421,x,velocity,15,3000
indy_20161027_03_64ms,channelbase,0.6951982,x,velocity,15,3000
indy_20161206_02_64ms,channelbase,0.317586,x,velocity,15,3000
indy_20161212_02_64ms,channelbase,0.6812315,x,velocity,15,3000
indy_20170131_02_64ms,channelbase,0.6630596,x,velocity,15,3000
indy_20160407_02_64ms,channelbase,0.63408256,x,velocity,15,5000
indy_20160411_01_64ms,channelbase,0.7599035,x,velocity,15,5000
indy_20160411_02_64ms,channelbase,0.73002076,x,velocity,15,5000
indy_20160418_01_64ms,channelbase,0.655164,x,velocity,15,5000
indy_20160419_01_64ms,channelbase,0.7412542,x,velocity,15,5000
indy_20160420_01_64ms,channelbase,0.7163641,x,velocity,15,5000
indy_20160426_01_64ms,channelbase,0.7110579,x,velocity,15,5000
indy_20160622_01_64ms,channelbase,0.6262244,x,velocity,15,5000
indy_20160627_01_64ms,channelbase,0.535491,x,velocity,15,5000
indy_20160630_01_64ms,channelbase,0.5652248,x,velocity,15,5000
indy_20161011_03_64ms,channelbase,0.7273988,x,velocity,15,5000
indy_20161013_03_64ms,channelbase,0.7175303,x,velocity,15,5000
indy_20161014_04_64ms,channelbase,0.6387123,x,velocity,15,5000
indy_20161027_03_64ms,channelbase,0.69853723,x,velocity,15,5000
indy_20161206_02_64ms,channelbase,0.5312183,x,velocity,15,5000
indy_20161212_02_64ms,channelbase,0.6933423,x,velocity,15,5000
indy_20170131_02_64ms,channelbase,0.7159652,x,velocity,15,5000
indy_20160407_02_64ms,channelbase,0.6272293,x,velocity,15,5000
indy_20160411_01_64ms,channelbase,0.7354261,x,velocity,15,5000
indy_20160411_02_64ms,channelbase,0.7304448,x,velocity,15,5000
indy_20160418_01_64ms,channelbase,0.7047173,x,velocity,15,5000
indy_20160419_01_64ms,channelbase,0.7548228,x,velocity,15,5000
indy_20160420_01_64ms,channelbase,0.7298864,x,velocity,15,5000
indy_20160426_01_64ms,channelbase,0.71186733,x,velocity,15,5000
indy_20160622_01_64ms,channelbase,0.6361181,x,velocity,15,5000
indy_20160627_01_64ms,channelbase,0.5509913,x,velocity,15,5000
indy_20160630_01_64ms,channelbase,0.5863018,x,velocity,15,5000
indy_20161011_03_64ms,channelbase,0.7354307,x,velocity,15,5000
indy_20161013_03_64ms,channelbase,0.6993315,x,velocity,15,5000
indy_20161014_04_64ms,channelbase,0.67026734,x,velocity,15,5000
indy_20161027_03_64ms,channelbase,0.6387552,x,velocity,15,5000
indy_20161206_02_64ms,channelbase,0.59339607,x,velocity,15,5000
indy_20161212_02_64ms,channelbase,0.7104152,x,velocity,15,5000
indy_20170131_02_64ms,channelbase,0.6957375,x,velocity,15,5000
indy_20160407_02_64ms,channelbase,0.626093,x,velocity,15,5000
indy_20160411_01_64ms,channelbase,0.72244644,x,velocity,15,5000
indy_20160411_02_64ms,channelbase,0.7219253,x,velocity,15,5000
indy_20160418_01_64ms,channelbase,0.6626302,x,velocity,15,5000
indy_20160419_01_64ms,channelbase,0.73492825,x,velocity,15,5000
indy_20160420_01_64ms,channelbase,0.7321041,x,velocity,15,5000
indy_20160426_01_64ms,channelbase,0.6974097,x,velocity,15,5000
indy_20160622_01_64ms,channelbase,0.6188651,x,velocity,15,5000
indy_20160627_01_64ms,channelbase,0.61135715,x,velocity,15,5000
indy_20160630_01_64ms,channelbase,0.57762325,x,velocity,15,5000
indy_20161011_03_64ms,channelbase,0.7097975,x,velocity,15,5000
indy_20161013_03_64ms,channelbase,0.6974381,x,velocity,15,5000
indy_20161014_04_64ms,channelbase,0.61809635,x,velocity,15,5000
indy_20161027_03_64ms,channelbase,0.60741055,x,velocity,15,5000
indy_20161206_02_64ms,channelbase,0.50925887,x,velocity,15,5000
indy_20161212_02_64ms,channelbase,0.71035826,x,velocity,15,5000
indy_20170131_02_64ms,channelbase,0.7193097,x,velocity,15,5000
indy_20160407_02_64ms,channelbase,0.6389946,x,velocity,15,5000
indy_20160411_01_64ms,channelbase,0.7517444,x,velocity,15,5000
indy_20160411_02_64ms,channelbase,0.7290256,x,velocity,15,5000
indy_20160418_01_64ms,channelbase,0.697531,x,velocity,15,5000
indy_20160419_01_64ms,channelbase,0.72800183,x,velocity,15,5000
indy_20160420_01_64ms,channelbase,0.7080953,x,velocity,15,5000
indy_20160426_01_64ms,channelbase,0.6891674,x,velocity,15,5000
indy_20160622_01_64ms,channelbase,0.6504816,x,velocity,15,5000
indy_20160627_01_64ms,channelbase,0.5730754,x,velocity,15,5000
indy_20160630_01_64ms,channelbase,0.57887465,x,velocity,15,5000
indy_20161011_03_64ms,channelbase,0.7148224,x,velocity,15,5000
indy_20161013_03_64ms,channelbase,0.735011,x,velocity,15,5000
indy_20161014_04_64ms,channelbase,0.6391383,x,velocity,15,5000
indy_20161027_03_64ms,channelbase,0.6502701,x,velocity,15,5000
indy_20161206_02_64ms,channelbase,0.5463331,x,velocity,15,5000
indy_20161212_02_64ms,channelbase,0.6950036,x,velocity,15,5000
indy_20170131_02_64ms,channelbase,0.7157366,x,velocity,15,5000
indy_20160407_02_64ms,channelbase,0.6308191,x,velocity,15,5000
indy_20160411_01_64ms,channelbase,0.7481739,x,velocity,15,5000
indy_20160411_02_64ms,channelbase,0.74904436,x,velocity,15,5000
indy_20160418_01_64ms,channelbase,0.68560755,x,velocity,15,5000
indy_20160419_01_64ms,channelbase,0.7671771,x,velocity,15,5000
indy_20160420_01_64ms,channelbase,0.7323742,x,velocity,15,5000
indy_20160426_01_64ms,channelbase,0.730964,x,velocity,15,5000
indy_20160622_01_64ms,channelbase,0.60270995,x,velocity,15,5000
indy_20160627_01_64ms,channelbase,0.5248868,x,velocity,15,5000
indy_20160630_01_64ms,channelbase,0.5584179,x,velocity,15,5000
indy_20161011_03_64ms,channelbase,0.70837426,x,velocity,15,5000
indy_20161013_03_64ms,channelbase,0.700545,x,velocity,15,5000
indy_20161014_04_64ms,channelbase,0.6897472,x,velocity,15,5000
indy_20161027_03_64ms,channelbase,0.663025,x,velocity,15,5000
indy_20161206_02_64ms,channelbase,0.5665838,x,velocity,15,5000
indy_20161212_02_64ms,channelbase,0.74316,x,velocity,15,5000
indy_20170131_02_64ms,channelbase,0.71025085,x,velocity,15,5000
indy_20160407_02_64ms,channelbase,0.6547451,x,velocity,15,7000
indy_20160411_01_64ms,channelbase,0.76407695,x,velocity,15,7000
indy_20160411_02_64ms,channelbase,0.76873004,x,velocity,15,7000
indy_20160418_01_64ms,channelbase,0.7260921,x,velocity,15,7000
indy_20160419_01_64ms,channelbase,0.7396754,x,velocity,15,7000
indy_20160420_01_64ms,channelbase,0.7717972,x,velocity,15,7000
indy_20160426_01_64ms,channelbase,0.7560124,x,velocity,15,7000
indy_20160622_01_64ms,channelbase,0.68460125,x,velocity,15,7000
indy_20160627_01_64ms,channelbase,0.60586584,x,velocity,15,7000
indy_20160630_01_64ms,channelbase,0.62571704,x,velocity,15,7000
indy_20161011_03_64ms,channelbase,0.78173214,x,velocity,15,7000
indy_20161013_03_64ms,channelbase,0.72712886,x,velocity,15,7000
indy_20161014_04_64ms,channelbase,0.7182986,x,velocity,15,7000
indy_20161027_03_64ms,channelbase,0.7535264,x,velocity,15,7000
indy_20161206_02_64ms,channelbase,0.68725944,x,velocity,15,7000
indy_20161212_02_64ms,channelbase,0.70746577,x,velocity,15,7000
indy_20170131_02_64ms,channelbase,0.75806284,x,velocity,15,7000
indy_20160407_02_64ms,channelbase,0.6706649,x,velocity,15,7000
indy_20160411_01_64ms,channelbase,0.7825022,x,velocity,15,7000
indy_20160411_02_64ms,channelbase,0.75986993,x,velocity,15,7000
indy_20160418_01_64ms,channelbase,0.7255562,x,velocity,15,7000
indy_20160419_01_64ms,channelbase,0.76004744,x,velocity,15,7000
indy_20160420_01_64ms,channelbase,0.76752204,x,velocity,15,7000
indy_20160426_01_64ms,channelbase,0.7267078,x,velocity,15,7000
indy_20160622_01_64ms,channelbase,0.6380851,x,velocity,15,7000
indy_20160627_01_64ms,channelbase,0.61826146,x,velocity,15,7000
indy_20160630_01_64ms,channelbase,0.623496,x,velocity,15,7000
indy_20161011_03_64ms,channelbase,0.7589006,x,velocity,15,7000
indy_20161013_03_64ms,channelbase,0.7031697,x,velocity,15,7000
indy_20161014_04_64ms,channelbase,0.69783217,x,velocity,15,7000
indy_20161027_03_64ms,channelbase,0.7285725,x,velocity,15,7000
indy_20161206_02_64ms,channelbase,0.6739159,x,velocity,15,7000
indy_20161212_02_64ms,channelbase,0.7260036,x,velocity,15,7000
indy_20170131_02_64ms,channelbase,0.7438332,x,velocity,15,7000
indy_20160407_02_64ms,channelbase,0.68534553,x,velocity,15,7000
indy_20160411_01_64ms,channelbase,0.75831646,x,velocity,15,7000
indy_20160411_02_64ms,channelbase,0.768623,x,velocity,15,7000
indy_20160418_01_64ms,channelbase,0.7156,x,velocity,15,7000
indy_20160419_01_64ms,channelbase,0.7638539,x,velocity,15,7000
indy_20160420_01_64ms,channelbase,0.7534575,x,velocity,15,7000
indy_20160426_01_64ms,channelbase,0.7397827,x,velocity,15,7000
indy_20160622_01_64ms,channelbase,0.6719212,x,velocity,15,7000
indy_20160627_01_64ms,channelbase,0.6095993,x,velocity,15,7000
indy_20160630_01_64ms,channelbase,0.60159,x,velocity,15,7000
indy_20161011_03_64ms,channelbase,0.7785064,x,velocity,15,7000
indy_20161013_03_64ms,channelbase,0.7377124,x,velocity,15,7000
indy_20161014_04_64ms,channelbase,0.6912867,x,velocity,15,7000
indy_20161027_03_64ms,channelbase,0.77075183,x,velocity,15,7000
indy_20161206_02_64ms,channelbase,0.6849881,x,velocity,15,7000
indy_20161212_02_64ms,channelbase,0.7091441,x,velocity,15,7000
indy_20170131_02_64ms,channelbase,0.7582612,x,velocity,15,7000
indy_20160407_02_64ms,channelbase,0.6719136,x,velocity,15,7000
indy_20160411_01_64ms,channelbase,0.77304053,x,velocity,15,7000
indy_20160411_02_64ms,channelbase,0.76731384,x,velocity,15,7000
indy_20160418_01_64ms,channelbase,0.71316373,x,velocity,15,7000
indy_20160419_01_64ms,channelbase,0.71649384,x,velocity,15,7000
indy_20160420_01_64ms,channelbase,0.7519305,x,velocity,15,7000
indy_20160426_01_64ms,channelbase,0.76210046,x,velocity,15,7000
indy_20160622_01_64ms,channelbase,0.66405123,x,velocity,15,7000
indy_20160627_01_64ms,channelbase,0.6476786,x,velocity,15,7000
indy_20160630_01_64ms,channelbase,0.6256359,x,velocity,15,7000
indy_20161011_03_64ms,channelbase,0.7780848,x,velocity,15,7000
indy_20161013_03_64ms,channelbase,0.7294357,x,velocity,15,7000
indy_20161014_04_64ms,channelbase,0.70093757,x,velocity,15,7000
indy_20161027_03_64ms,channelbase,0.755055,x,velocity,15,7000
indy_20161206_02_64ms,channelbase,0.67077684,x,velocity,15,7000
indy_20161212_02_64ms,channelbase,0.72042507,x,velocity,15,7000
indy_20170131_02_64ms,channelbase,0.7525517,x,velocity,15,7000
indy_20160407_02_64ms,channelbase,0.672796,x,velocity,15,7000
indy_20160411_01_64ms,channelbase,0.76468915,x,velocity,15,7000
indy_20160411_02_64ms,channelbase,0.7641897,x,velocity,15,7000
indy_20160418_01_64ms,channelbase,0.7188475,x,velocity,15,7000
indy_20160419_01_64ms,channelbase,0.7434783,x,velocity,15,7000
indy_20160420_01_64ms,channelbase,0.7607846,x,velocity,15,7000
indy_20160426_01_64ms,channelbase,0.7190976,x,velocity,15,7000
indy_20160622_01_64ms,channelbase,0.6683198,x,velocity,15,7000
indy_20160627_01_64ms,channelbase,0.57515407,x,velocity,15,7000
indy_20160630_01_64ms,channelbase,0.6081984,x,velocity,15,7000
indy_20161011_03_64ms,channelbase,0.7742666,x,velocity,15,7000
indy_20161013_03_64ms,channelbase,0.7572911,x,velocity,15,7000
indy_20161014_04_64ms,channelbase,0.71656466,x,velocity,15,7000
indy_20161027_03_64ms,channelbase,0.7712278,x,velocity,15,7000
indy_20161206_02_64ms,channelbase,0.6607092,x,velocity,15,7000
indy_20161212_02_64ms,channelbase,0.71020365,x,velocity,15,7000
indy_20170131_02_64ms,channelbase,0.7528387,x,velocity,15,7000
